country_code,country_name,year,indicator_code,value
BF,Burkina Faso,2000,EG.ELC.ACCS.RU.ZS,2.3
BF,Burkina Faso,2000,EG.ELC.ACCS.UR.ZS,40.4
BF,Burkina Faso,2000,EG.ELC.ACCS.ZS,9.1
BF,Burkina Faso,2000,EG.USE.ELEC.KH.PC,28.5940786275111
BF,Burkina Faso,2000,NY.GDP.PCAP.CD,248.908526921752
BF,Burkina Faso,2000,SP.POP.GROW,2.98414422391968
BF,Burkina Faso,2000,SP.POP.TOTL,11925546.0
BF,Burkina Faso,2000,SP.URB.TOTL.IN.ZS,18.0003503329444
BF,Burkina Faso,2001,EG.ELC.ACCS.RU.ZS,2.2
BF,Burkina Faso,2001,EG.ELC.ACCS.UR.ZS,41.5
BF,Burkina Faso,2001,EG.ELC.ACCS.ZS,9.5
BF,Burkina Faso,2001,EG.USE.ELEC.KH.PC,30.0121976403255
BF,Burkina Faso,2001,NY.GDP.PCAP.CD,259.485223380436
BF,Burkina Faso,2001,SP.POP.GROW,3.05099351122556
BF,Burkina Faso,2001,SP.POP.TOTL,12295001.0
BF,Burkina Faso,2001,SP.URB.TOTL.IN.ZS,18.8591452143893
BF,Burkina Faso,2002,EG.ELC.ACCS.RU.ZS,2.1
BF,Burkina Faso,2002,EG.ELC.ACCS.UR.ZS,42.6
BF,Burkina Faso,2002,EG.ELC.ACCS.ZS,9.9
BF,Burkina Faso,2002,EG.USE.ELEC.KH.PC,33.0418266152623
BF,Burkina Faso,2002,NY.GDP.PCAP.CD,285.654087637533
BF,Burkina Faso,2002,SP.POP.GROW,3.09039308299234
BF,Burkina Faso,2002,SP.POP.TOTL,12680897.0
BF,Burkina Faso,2002,SP.URB.TOTL.IN.ZS,19.725053583448
BF,Burkina Faso,2003,EG.ELC.ACCS.RU.ZS,1.2
BF,Burkina Faso,2003,EG.ELC.ACCS.UR.ZS,52.4
BF,Burkina Faso,2003,EG.ELC.ACCS.ZS,11.4
BF,Burkina Faso,2003,EG.USE.ELEC.KH.PC,34.0148222071996
BF,Burkina Faso,2003,NY.GDP.PCAP.CD,362.373899996953
BF,Burkina Faso,2003,SP.POP.GROW,3.11812174449527
BF,Burkina Faso,2003,SP.POP.TOTL,13082532.0
BF,Burkina Faso,2003,SP.URB.TOTL.IN.ZS,20.563327262892
BF,Burkina Faso,2004,EG.ELC.ACCS.RU.ZS,1.8
BF,Burkina Faso,2004,EG.ELC.ACCS.UR.ZS,44.8
BF,Burkina Faso,2004,EG.ELC.ACCS.ZS,10.7
BF,Burkina Faso,2004,EG.USE.ELEC.KH.PC,36.5911479198636
BF,Burkina Faso,2004,NY.GDP.PCAP.CD,403.81283743461
BF,Burkina Faso,2004,SP.POP.GROW,3.14512608695879
BF,Burkina Faso,2004,SP.POP.TOTL,13500533.0
BF,Burkina Faso,2004,SP.URB.TOTL.IN.ZS,21.3392180754924
BF,Burkina Faso,2005,EG.ELC.ACCS.RU.ZS,1.6
BF,Burkina Faso,2005,EG.ELC.ACCS.UR.ZS,45.9
BF,Burkina Faso,2005,EG.ELC.ACCS.ZS,11.1
BF,Burkina Faso,2005,EG.USE.ELEC.KH.PC,40.194879129333
BF,Burkina Faso,2005,NY.GDP.PCAP.CD,441.164148016012
BF,Burkina Faso,2005,SP.POP.GROW,3.14680149143287
BF,Burkina Faso,2005,SP.POP.TOTL,13932123.0
BF,Burkina Faso,2005,SP.URB.TOTL.IN.ZS,22.0179778440204
BF,Burkina Faso,2006,EG.ELC.ACCS.RU.ZS,1.4
BF,Burkina Faso,2006,EG.ELC.ACCS.UR.ZS,47.0
BF,Burkina Faso,2006,EG.ELC.ACCS.ZS,11.6
BF,Burkina Faso,2006,EG.USE.ELEC.KH.PC,41.8820280669419
BF,Burkina Faso,2006,NY.GDP.PCAP.CD,455.513655620024
BF,Burkina Faso,2006,SP.POP.GROW,3.12034537509581
BF,Burkina Faso,2006,SP.POP.TOTL,14373707.0
BF,Burkina Faso,2006,SP.URB.TOTL.IN.ZS,22.5528306908743
BF,Burkina Faso,2007,EG.ELC.ACCS.RU.ZS,1.2
BF,Burkina Faso,2007,EG.ELC.ACCS.UR.ZS,48.2
BF,Burkina Faso,2007,EG.ELC.ACCS.ZS,12.0
BF,Burkina Faso,2007,EG.USE.ELEC.KH.PC,42.723196812809
BF,Burkina Faso,2007,NY.GDP.PCAP.CD,514.684451177238
BF,Burkina Faso,2007,SP.POP.GROW,3.03277637197036
BF,Burkina Faso,2007,SP.POP.TOTL,14816307.0
BF,Burkina Faso,2007,SP.URB.TOTL.IN.ZS,22.9741760828193
BF,Burkina Faso,2008,EG.ELC.ACCS.RU.ZS,1.2
BF,Burkina Faso,2008,EG.ELC.ACCS.UR.ZS,49.4
BF,Burkina Faso,2008,EG.ELC.ACCS.ZS,12.5
BF,Burkina Faso,2008,EG.USE.ELEC.KH.PC,43.3212721930585
BF,Burkina Faso,2008,NY.GDP.PCAP.CD,619.437533256264
BF,Burkina Faso,2008,SP.POP.GROW,2.93816522811728
BF,Burkina Faso,2008,SP.POP.TOTL,15258093.0
BF,Burkina Faso,2008,SP.URB.TOTL.IN.ZS,23.3633747838557
BF,Burkina Faso,2009,EG.ELC.ACCS.RU.ZS,2.6
BF,Burkina Faso,2009,EG.ELC.ACCS.UR.ZS,44.4
BF,Burkina Faso,2009,EG.ELC.ACCS.ZS,12.6
BF,Burkina Faso,2009,EG.USE.ELEC.KH.PC,47.294518049765
BF,Burkina Faso,2009,NY.GDP.PCAP.CD,601.569520671859
BF,Burkina Faso,2009,SP.POP.GROW,2.91916025918168
BF,Burkina Faso,2009,SP.POP.TOTL,15710066.0
BF,Burkina Faso,2009,SP.URB.TOTL.IN.ZS,23.7452325601116
BF,Burkina Faso,2010,EG.ELC.ACCS.RU.ZS,1.5
BF,Burkina Faso,2010,EG.ELC.ACCS.UR.ZS,48.5
BF,Burkina Faso,2010,EG.ELC.ACCS.ZS,13.1
BF,Burkina Faso,2010,EG.USE.ELEC.KH.PC,68.4326113105568
BF,Burkina Faso,2010,NY.GDP.PCAP.CD,624.957252224766
BF,Burkina Faso,2010,SP.POP.GROW,2.92577947499021
BF,Burkina Faso,2010,SP.POP.TOTL,16176498.0
BF,Burkina Faso,2010,SP.URB.TOTL.IN.ZS,24.115092498158
BF,Burkina Faso,2011,EG.ELC.ACCS.RU.ZS,1.9
BF,Burkina Faso,2011,EG.ELC.ACCS.UR.ZS,53.1
BF,Burkina Faso,2011,EG.ELC.ACCS.ZS,14.8
BF,Burkina Faso,2011,EG.USE.ELEC.KH.PC,75.6215914767985
BF,Burkina Faso,2011,NY.GDP.PCAP.CD,725.024767725475
BF,Burkina Faso,2011,SP.POP.GROW,2.95657078370668
BF,Burkina Faso,2011,SP.POP.TOTL,16661908.0
BF,Burkina Faso,2011,SP.URB.TOTL.IN.ZS,24.4682976845657
BF,Burkina Faso,2012,EG.ELC.ACCS.RU.ZS,1.5
BF,Burkina Faso,2012,EG.ELC.ACCS.UR.ZS,54.3
BF,Burkina Faso,2012,EG.ELC.ACCS.ZS,15.1
BF,Burkina Faso,2012,EG.USE.ELEC.KH.PC,86.2436086701789
BF,Burkina Faso,2012,NY.GDP.PCAP.CD,731.470138867833
BF,Burkina Faso,2012,SP.POP.GROW,3.0171707485343
BF,Burkina Faso,2012,SP.POP.TOTL,17172287.0
BF,Burkina Faso,2012,SP.URB.TOTL.IN.ZS,24.8001912059054
BF,Burkina Faso,2013,EG.ELC.ACCS.RU.ZS,1.0
BF,Burkina Faso,2013,EG.ELC.ACCS.UR.ZS,55.5
BF,Burkina Faso,2013,EG.ELC.ACCS.ZS,15.4
BF,Burkina Faso,2013,EG.USE.ELEC.KH.PC,92.0577761158276
BF,Burkina Faso,2013,NY.GDP.PCAP.CD,759.762065168498
BF,Burkina Faso,2013,SP.POP.GROW,3.00083639274971
BF,Burkina Faso,2013,SP.POP.TOTL,17695409.0
BF,Burkina Faso,2013,SP.URB.TOTL.IN.ZS,25.106116148748
BF,Burkina Faso,2014,EG.ELC.ACCS.RU.ZS,4.7
BF,Burkina Faso,2014,EG.ELC.ACCS.UR.ZS,58.4
BF,Burkina Faso,2014,EG.ELC.ACCS.ZS,19.2
BF,Burkina Faso,2014,EG.USE.ELEC.KH.PC,97.8635627240981
BF,Burkina Faso,2014,NY.GDP.PCAP.CD,764.861675106225
BF,Burkina Faso,2014,SP.POP.GROW,2.9733794200807
BF,Burkina Faso,2014,SP.POP.TOTL,18229461.0
BF,Burkina Faso,2014,SP.URB.TOTL.IN.ZS,25.3814155996643
BF,Burkina Faso,2015,EG.ELC.ACCS.UR.ZS,58.2
BF,Burkina Faso,2015,EG.ELC.ACCS.ZS,16.2
BF,Burkina Faso,2015,EG.USE.ELEC.KH.PC,112.794646056738
BF,Burkina Faso,2015,NY.GDP.PCAP.CD,630.124750752312
BF,Burkina Faso,2015,SP.POP.GROW,2.96196306547686
BF,Burkina Faso,2015,SP.POP.TOTL,18777487.0
BF,Burkina Faso,2015,SP.URB.TOTL.IN.ZS,25.621432645225
BF,Burkina Faso,2016,EG.ELC.ACCS.UR.ZS,59.7
BF,Burkina Faso,2016,EG.ELC.ACCS.ZS,16.6
BF,Burkina Faso,2016,EG.USE.ELEC.KH.PC,108.612135513189
BF,Burkina Faso,2016,NY.GDP.PCAP.CD,663.742364842886
BF,Burkina Faso,2016,SP.POP.GROW,2.92508251378454
BF,Burkina Faso,2016,SP.POP.TOTL,19334856.0
BF,Burkina Faso,2016,SP.URB.TOTL.IN.ZS,25.821510372001
BF,Burkina Faso,2017,EG.ELC.ACCS.UR.ZS,61.4
BF,Burkina Faso,2017,EG.ELC.ACCS.ZS,17.0
BF,Burkina Faso,2017,EG.USE.ELEC.KH.PC,111.890743966382
BF,Burkina Faso,2017,NY.GDP.PCAP.CD,709.091535894695
BF,Burkina Faso,2017,SP.POP.GROW,2.85291595529266
BF,Burkina Faso,2017,SP.POP.TOTL,19894407.0
BF,Burkina Faso,2017,SP.URB.TOTL.IN.ZS,25.9769918665632
BF,Burkina Faso,2018,EG.ELC.ACCS.UR.ZS,62.3
BF,Burkina Faso,2018,EG.ELC.ACCS.ZS,14.4
BF,Burkina Faso,2018,EG.USE.ELEC.KH.PC,117.475592867661
BF,Burkina Faso,2018,NY.GDP.PCAP.CD,777.465618514048
BF,Burkina Faso,2018,SP.POP.GROW,2.69713675384815
BF,Burkina Faso,2018,SP.POP.TOTL,20438288.0
BF,Burkina Faso,2018,SP.URB.TOTL.IN.ZS,26.0832202154822
BF,Burkina Faso,2019,EG.ELC.ACCS.UR.ZS,64.6
BF,Burkina Faso,2019,EG.ELC.ACCS.ZS,17.6
BF,Burkina Faso,2019,EG.USE.ELEC.KH.PC,122.555380338625
BF,Burkina Faso,2019,NY.GDP.PCAP.CD,764.853077774946
BF,Burkina Faso,2019,SP.POP.GROW,2.52989803984158
BF,Burkina Faso,2019,SP.POP.TOTL,20961952.0
BF,Burkina Faso,2019,SP.URB.TOTL.IN.ZS,26.1187254401157
BF,Burkina Faso,2020,EG.ELC.ACCS.UR.ZS,66.1
BF,Burkina Faso,2020,EG.ELC.ACCS.ZS,18.5
BF,Burkina Faso,2020,EG.USE.ELEC.KH.PC,130.36176787318
BF,Burkina Faso,2020,NY.GDP.PCAP.CD,825.237038782475
BF,Burkina Faso,2020,SP.POP.GROW,2.43522959287393
BF,Burkina Faso,2020,SP.POP.TOTL,21478690.0
BF,Burkina Faso,2020,SP.URB.TOTL.IN.ZS,26.3578373628627
BF,Burkina Faso,2021,EG.ELC.ACCS.UR.ZS,67.6
BF,Burkina Faso,2021,EG.ELC.ACCS.ZS,19.0
BF,Burkina Faso,2021,EG.USE.ELEC.KH.PC,129.709864992171
BF,Burkina Faso,2021,NY.GDP.PCAP.CD,895.535288442991
BF,Burkina Faso,2021,SP.POP.GROW,2.37649218888363
BF,Burkina Faso,2021,SP.POP.TOTL,21995243.0
BF,Burkina Faso,2021,SP.URB.TOTL.IN.ZS,26.8114307743017
BF,Burkina Faso,2022,EG.ELC.ACCS.RU.ZS,3.4
BF,Burkina Faso,2022,EG.ELC.ACCS.UR.ZS,60.5
BF,Burkina Faso,2022,EG.ELC.ACCS.ZS,19.5
BF,Burkina Faso,2022,EG.USE.ELEC.KH.PC,131.191746177691
BF,Burkina Faso,2022,NY.GDP.PCAP.CD,827.330843486661
BF,Burkina Faso,2022,SP.POP.GROW,2.30907147387783
BF,Burkina Faso,2022,SP.POP.TOTL,22509038.0
BF,Burkina Faso,2022,SP.URB.TOTL.IN.ZS,27.2791369742712
BF,Burkina Faso,2023,EG.ELC.ACCS.RU.ZS,2.0
BF,Burkina Faso,2023,EG.ELC.ACCS.UR.ZS,62.6
BF,Burkina Faso,2023,EG.ELC.ACCS.ZS,21.7
BF,Burkina Faso,2023,NY.GDP.PCAP.CD,873.482589651003
BF,Burkina Faso,2023,SP.POP.GROW,2.26973666268599
BF,Burkina Faso,2023,SP.POP.TOTL,23025776.0
BF,Burkina Faso,2023,SP.URB.TOTL.IN.ZS,27.7872478365158
BJ,Benin,2000,EG.ELC.ACCS.RU.ZS,5.4
BJ,Benin,2000,EG.ELC.ACCS.UR.ZS,47.5
BJ,Benin,2000,EG.ELC.ACCS.ZS,21.5
BJ,Benin,2000,EG.USE.ELEC.KH.PC,55.2507685603464
BJ,Benin,2000,NY.GDP.PCAP.CD,487.424141384242
BJ,Benin,2000,SP.POP.GROW,3.07665265205002
BJ,Benin,2000,SP.POP.TOTL,7221619.0
BJ,Benin,2000,SP.URB.TOTL.IN.ZS,38.2759517258875
BJ,Benin,2001,EG.ELC.ACCS.RU.ZS,4.4
BJ,Benin,2001,EG.ELC.ACCS.UR.ZS,49.6
BJ,Benin,2001,EG.ELC.ACCS.ZS,21.9
BJ,Benin,2001,EG.USE.ELEC.KH.PC,58.4237984440735
BJ,Benin,2001,NY.GDP.PCAP.CD,492.401499509072
BJ,Benin,2001,SP.POP.GROW,3.05435506649292
BJ,Benin,2001,SP.POP.TOTL,7445596.0
BJ,Benin,2001,SP.URB.TOTL.IN.ZS,38.6186257669218
BJ,Benin,2002,EG.ELC.ACCS.RU.ZS,6.8
BJ,Benin,2002,EG.ELC.ACCS.UR.ZS,49.2
BJ,Benin,2002,EG.ELC.ACCS.ZS,23.4
BJ,Benin,2002,EG.USE.ELEC.KH.PC,64.8823921955602
BJ,Benin,2002,NY.GDP.PCAP.CD,546.463829658159
BJ,Benin,2002,SP.POP.GROW,3.04010801597376
BJ,Benin,2002,SP.POP.TOTL,7675426.0
BJ,Benin,2002,SP.URB.TOTL.IN.ZS,39.0035069872981
BJ,Benin,2003,EG.ELC.ACCS.RU.ZS,7.4
BJ,Benin,2003,EG.ELC.ACCS.UR.ZS,50.1
BJ,Benin,2003,EG.ELC.ACCS.ZS,24.3
BJ,Benin,2003,EG.USE.ELEC.KH.PC,61.4173765681335
BJ,Benin,2003,NY.GDP.PCAP.CD,676.002878084282
BJ,Benin,2003,SP.POP.GROW,3.04920259714654
BJ,Benin,2003,SP.POP.TOTL,7913070.0
BJ,Benin,2003,SP.URB.TOTL.IN.ZS,39.4169696013044
BJ,Benin,2004,EG.ELC.ACCS.RU.ZS,7.9
BJ,Benin,2004,EG.ELC.ACCS.UR.ZS,51.0
BJ,Benin,2004,EG.ELC.ACCS.ZS,25.2
BJ,Benin,2004,EG.USE.ELEC.KH.PC,66.7966320770419
BJ,Benin,2004,NY.GDP.PCAP.CD,758.695803786371
BJ,Benin,2004,SP.POP.GROW,3.06173106096489
BJ,Benin,2004,SP.POP.TOTL,8159094.0
BJ,Benin,2004,SP.URB.TOTL.IN.ZS,39.8525699078742
BJ,Benin,2005,EG.ELC.ACCS.RU.ZS,8.5
BJ,Benin,2005,EG.ELC.ACCS.UR.ZS,51.9
BJ,Benin,2005,EG.ELC.ACCS.ZS,26.1
BJ,Benin,2005,EG.USE.ELEC.KH.PC,69.9014875606209
BJ,Benin,2005,NY.GDP.PCAP.CD,779.437777753268
BJ,Benin,2005,SP.POP.GROW,3.22061199704122
BJ,Benin,2005,SP.POP.TOTL,8426144.0
BJ,Benin,2005,SP.URB.TOTL.IN.ZS,40.3097749006517
BJ,Benin,2006,EG.ELC.ACCS.RU.ZS,7.9
BJ,Benin,2006,EG.ELC.ACCS.UR.ZS,56.6
BJ,Benin,2006,EG.ELC.ACCS.ZS,27.9
BJ,Benin,2006,EG.USE.ELEC.KH.PC,70.9746720498521
BJ,Benin,2006,NY.GDP.PCAP.CD,809.147072506221
BJ,Benin,2006,SP.POP.GROW,3.12066888297415
BJ,Benin,2006,SP.POP.TOTL,8693242.0
BJ,Benin,2006,SP.URB.TOTL.IN.ZS,40.7877794072449
BJ,Benin,2007,EG.ELC.ACCS.RU.ZS,9.7
BJ,Benin,2007,EG.ELC.ACCS.UR.ZS,53.8
BJ,Benin,2007,EG.ELC.ACCS.ZS,28.0
BJ,Benin,2007,EG.USE.ELEC.KH.PC,75.2738813368686
BJ,Benin,2007,NY.GDP.PCAP.CD,912.338247188342
BJ,Benin,2007,SP.POP.GROW,2.95509554727715
BJ,Benin,2007,SP.POP.TOTL,8953969.0
BJ,Benin,2007,SP.URB.TOTL.IN.ZS,41.2857782552618
BJ,Benin,2008,EG.ELC.ACCS.RU.ZS,10.3
BJ,Benin,2008,EG.ELC.ACCS.UR.ZS,54.7
BJ,Benin,2008,EG.ELC.ACCS.ZS,29.0
BJ,Benin,2008,EG.USE.ELEC.KH.PC,81.3786386599896
BJ,Benin,2008,NY.GDP.PCAP.CD,1060.60254502099
BJ,Benin,2008,SP.POP.GROW,3.01959398464251
BJ,Benin,2008,SP.POP.TOTL,9228466.0
BJ,Benin,2008,SP.URB.TOTL.IN.ZS,41.8029662723105
BJ,Benin,2009,EG.ELC.ACCS.RU.ZS,10.9
BJ,Benin,2009,EG.ELC.ACCS.UR.ZS,55.7
BJ,Benin,2009,EG.ELC.ACCS.ZS,30.0
BJ,Benin,2009,EG.USE.ELEC.KH.PC,82.6548571874445
BJ,Benin,2009,NY.GDP.PCAP.CD,1024.10277858112
BJ,Benin,2009,SP.POP.GROW,2.99903642214246
BJ,Benin,2009,SP.POP.TOTL,9509423.0
BJ,Benin,2009,SP.URB.TOTL.IN.ZS,42.338538285999
BJ,Benin,2010,EG.ELC.ACCS.RU.ZS,10.6
BJ,Benin,2010,EG.ELC.ACCS.UR.ZS,65.4
BJ,Benin,2010,EG.ELC.ACCS.ZS,34.2
BJ,Benin,2010,EG.USE.ELEC.KH.PC,86.042498257716
BJ,Benin,2010,NY.GDP.PCAP.CD,973.244254931526
BJ,Benin,2010,SP.POP.GROW,2.98424162798508
BJ,Benin,2010,SP.POP.TOTL,9797484.0
BJ,Benin,2010,SP.URB.TOTL.IN.ZS,42.8916891239353
BJ,Benin,2011,EG.ELC.ACCS.RU.ZS,13.6
BJ,Benin,2011,EG.ELC.ACCS.UR.ZS,67.0
BJ,Benin,2011,EG.ELC.ACCS.ZS,36.9
BJ,Benin,2011,EG.USE.ELEC.KH.PC,87.4809768504332
BJ,Benin,2011,NY.GDP.PCAP.CD,1059.41358852588
BJ,Benin,2011,SP.POP.GROW,2.97782202797765
BJ,Benin,2011,SP.POP.TOTL,10093623.0
BJ,Benin,2011,SP.URB.TOTL.IN.ZS,43.4616136137276
BJ,Benin,2012,EG.ELC.ACCS.RU.ZS,14.6
BJ,Benin,2012,EG.ELC.ACCS.UR.ZS,68.6
BJ,Benin,2012,EG.ELC.ACCS.ZS,38.4
BJ,Benin,2012,EG.USE.ELEC.KH.PC,85.5000314013051
BJ,Benin,2012,NY.GDP.PCAP.CD,1071.5258366283
BJ,Benin,2012,SP.POP.GROW,2.96766540040992
BJ,Benin,2012,SP.POP.TOTL,10397657.0
BJ,Benin,2012,SP.URB.TOTL.IN.ZS,44.0475065829838
BJ,Benin,2013,EG.ELC.ACCS.RU.ZS,13.4
BJ,Benin,2013,EG.ELC.ACCS.UR.ZS,61.0
BJ,Benin,2013,EG.ELC.ACCS.ZS,34.7
BJ,Benin,2013,EG.USE.ELEC.KH.PC,91.5132310389721
BJ,Benin,2013,NY.GDP.PCAP.CD,1168.92699279226
BJ,Benin,2013,SP.POP.GROW,2.94885160135819
BJ,Benin,2013,SP.POP.TOTL,10708834.0
BJ,Benin,2013,SP.URB.TOTL.IN.ZS,44.6502883669319
BJ,Benin,2014,EG.ELC.ACCS.RU.ZS,16.2
BJ,Benin,2014,EG.ELC.ACCS.UR.ZS,55.8
BJ,Benin,2014,EG.ELC.ACCS.ZS,34.1
BJ,Benin,2014,EG.USE.ELEC.KH.PC,104.261068264345
BJ,Benin,2014,NY.GDP.PCAP.CD,1204.39918670094
BJ,Benin,2014,SP.POP.GROW,2.9550187594558
BJ,Benin,2014,SP.POP.TOTL,11030004.0
BJ,Benin,2014,SP.URB.TOTL.IN.ZS,45.2880529235999
BJ,Benin,2015,EG.ELC.ACCS.RU.ZS,11.1
BJ,Benin,2015,EG.ELC.ACCS.UR.ZS,51.7
BJ,Benin,2015,EG.ELC.ACCS.ZS,29.6
BJ,Benin,2015,EG.USE.ELEC.KH.PC,96.9132044108975
BJ,Benin,2015,NY.GDP.PCAP.CD,1002.41886879614
BJ,Benin,2015,SP.POP.GROW,2.95391627666724
BJ,Benin,2015,SP.POP.TOTL,11360681.0
BJ,Benin,2015,SP.URB.TOTL.IN.ZS,45.9407403257663
BJ,Benin,2016,EG.ELC.ACCS.RU.ZS,15.2
BJ,Benin,2016,EG.ELC.ACCS.UR.ZS,62.5
BJ,Benin,2016,EG.ELC.ACCS.ZS,37.0
BJ,Benin,2016,EG.USE.ELEC.KH.PC,92.068263531
BJ,Benin,2016,NY.GDP.PCAP.CD,1010.5338961993
BJ,Benin,2016,SP.POP.GROW,2.92460216679542
BJ,Benin,2016,SP.POP.TOTL,11697842.0
BJ,Benin,2016,SP.URB.TOTL.IN.ZS,46.6094559006664
BJ,Benin,2017,EG.ELC.ACCS.RU.ZS,17.2
BJ,Benin,2017,EG.ELC.ACCS.UR.ZS,54.2
BJ,Benin,2017,EG.ELC.ACCS.ZS,34.5
BJ,Benin,2017,EG.USE.ELEC.KH.PC,95.1014055074096
BJ,Benin,2017,NY.GDP.PCAP.CD,1054.97408066814
BJ,Benin,2017,SP.POP.GROW,2.88117869411855
BJ,Benin,2017,SP.POP.TOTL,12039780.0
BJ,Benin,2017,SP.URB.TOTL.IN.ZS,47.2942774880391
BJ,Benin,2018,EG.ELC.ACCS.RU.ZS,16.3
BJ,Benin,2018,EG.ELC.ACCS.UR.ZS,64.3
BJ,Benin,2018,EG.ELC.ACCS.ZS,39.0
BJ,Benin,2018,EG.USE.ELEC.KH.PC,96.9043345066564
BJ,Benin,2018,NY.GDP.PCAP.CD,1151.7409703472
BJ,Benin,2018,SP.POP.GROW,2.8136418840483
BJ,Benin,2018,SP.POP.TOTL,12383347.0
BJ,Benin,2018,SP.URB.TOTL.IN.ZS,47.9952829275963
BJ,Benin,2019,EG.ELC.ACCS.RU.ZS,16.9
BJ,Benin,2019,EG.ELC.ACCS.UR.ZS,65.2
BJ,Benin,2019,EG.ELC.ACCS.ZS,40.0
BJ,Benin,2019,EG.USE.ELEC.KH.PC,98.6897288428983
BJ,Benin,2019,NY.GDP.PCAP.CD,1130.82135339795
BJ,Benin,2019,SP.POP.GROW,2.73538842831436
BJ,Benin,2019,SP.POP.TOTL,12726755.0
BJ,Benin,2019,SP.URB.TOTL.IN.ZS,48.7125500590248
BJ,Benin,2020,EG.ELC.ACCS.RU.ZS,17.4
BJ,Benin,2020,EG.ELC.ACCS.UR.ZS,66.1
BJ,Benin,2020,EG.ELC.ACCS.ZS,41.0
BJ,Benin,2020,EG.USE.ELEC.KH.PC,98.4685048831427
BJ,Benin,2020,NY.GDP.PCAP.CD,1200.19426557789
BJ,Benin,2020,SP.POP.GROW,2.66259875153288
BJ,Benin,2020,SP.POP.TOTL,13070169.0
BJ,Benin,2020,SP.URB.TOTL.IN.ZS,49.4461567219896
BJ,Benin,2021,EG.ELC.ACCS.RU.ZS,18.0
BJ,Benin,2021,EG.ELC.ACCS.UR.ZS,67.0
BJ,Benin,2021,EG.ELC.ACCS.ZS,42.0
BJ,Benin,2021,EG.USE.ELEC.KH.PC,113.244820465956
BJ,Benin,2021,NY.GDP.PCAP.CD,1318.65158075198
BJ,Benin,2021,SP.POP.GROW,2.59230167510348
BJ,Benin,2021,SP.POP.TOTL,13413417.0
BJ,Benin,2021,SP.URB.TOTL.IN.ZS,50.1961807561354
BJ,Benin,2022,EG.ELC.ACCS.RU.ZS,45.5
BJ,Benin,2022,EG.ELC.ACCS.UR.ZS,71.1
BJ,Benin,2022,EG.ELC.ACCS.ZS,56.5
BJ,Benin,2022,EG.USE.ELEC.KH.PC,105.309051541913
BJ,Benin,2022,NY.GDP.PCAP.CD,1266.42711031904
BJ,Benin,2022,SP.POP.GROW,2.54740926342667
BJ,Benin,2022,SP.POP.TOTL,13759501.0
BJ,Benin,2022,SP.URB.TOTL.IN.ZS,50.9627000010887
BJ,Benin,2023,EG.ELC.ACCS.RU.ZS,43.7
BJ,Benin,2023,EG.ELC.ACCS.UR.ZS,70.3
BJ,Benin,2023,EG.ELC.ACCS.ZS,57.0
BJ,Benin,2023,NY.GDP.PCAP.CD,1394.17784721831
BJ,Benin,2023,SP.POP.GROW,2.52274772277722
BJ,Benin,2023,SP.POP.TOTL,14111034.0
BJ,Benin,2023,SP.URB.TOTL.IN.ZS,51.7457922964593
CI,Cote d'Ivoire,2000,EG.ELC.ACCS.RU.ZS,23.8
CI,Cote d'Ivoire,2000,EG.ELC.ACCS.UR.ZS,81.6
CI,Cote d'Ivoire,2000,EG.ELC.ACCS.ZS,48.7
CI,Cote d'Ivoire,2000,EG.USE.ELEC.KH.PC,161.76051488547
CI,Cote d'Ivoire,2000,NY.GDP.PCAP.CD,936.636541348798
CI,Cote d'Ivoire,2000,SP.POP.GROW,2.76729583954346
CI,Cote d'Ivoire,2000,SP.POP.TOTL,17699004.0
CI,Cote d'Ivoire,2000,SP.URB.TOTL.IN.ZS,43.0840065011913
CI,Cote d'Ivoire,2001,EG.ELC.ACCS.RU.ZS,24.6
CI,Cote d'Ivoire,2001,EG.ELC.ACCS.UR.ZS,82.1
CI,Cote d'Ivoire,2001,EG.ELC.ACCS.ZS,49.7
CI,Cote d'Ivoire,2001,EG.USE.ELEC.KH.PC,168.931992798469
CI,Cote d'Ivoire,2001,NY.GDP.PCAP.CD,924.727294962066
CI,Cote d'Ivoire,2001,SP.POP.GROW,2.67539291726228
CI,Cote d'Ivoire,2001,SP.POP.TOTL,18178913.0
CI,Cote d'Ivoire,2001,SP.URB.TOTL.IN.ZS,43.4670149035012
CI,Cote d'Ivoire,2002,EG.ELC.ACCS.RU.ZS,26.8
CI,Cote d'Ivoire,2002,EG.ELC.ACCS.UR.ZS,82.7
CI,Cote d'Ivoire,2002,EG.ELC.ACCS.ZS,51.4
CI,Cote d'Ivoire,2002,EG.USE.ELEC.KH.PC,163.175415018496
CI,Cote d'Ivoire,2002,NY.GDP.PCAP.CD,967.815864415991
CI,Cote d'Ivoire,2002,SP.POP.GROW,2.58396350857445
CI,Cote d'Ivoire,2002,SP.POP.TOTL,18654771.0
CI,Cote d'Ivoire,2002,SP.URB.TOTL.IN.ZS,43.859032147728
CI,Cote d'Ivoire,2003,EG.ELC.ACCS.RU.ZS,26.1
CI,Cote d'Ivoire,2003,EG.ELC.ACCS.UR.ZS,83.3
CI,Cote d'Ivoire,2003,EG.ELC.ACCS.ZS,51.5
CI,Cote d'Ivoire,2003,EG.USE.ELEC.KH.PC,160.466040648678
CI,Cote d'Ivoire,2003,NY.GDP.PCAP.CD,1111.17135087887
CI,Cote d'Ivoire,2003,SP.POP.GROW,2.49227881118865
CI,Cote d'Ivoire,2003,SP.POP.TOTL,19125542.0
CI,Cote d'Ivoire,2003,SP.URB.TOTL.IN.ZS,44.2593744150531
CI,Cote d'Ivoire,2004,EG.ELC.ACCS.RU.ZS,26.9
CI,Cote d'Ivoire,2004,EG.ELC.ACCS.UR.ZS,83.9
CI,Cote d'Ivoire,2004,EG.ELC.ACCS.ZS,52.4
CI,Cote d'Ivoire,2004,EG.USE.ELEC.KH.PC,159.020158203623
CI,Cote d'Ivoire,2004,NY.GDP.PCAP.CD,1199.82524528546
CI,Cote d'Ivoire,2004,SP.POP.GROW,2.42497124712807
CI,Cote d'Ivoire,2004,SP.POP.TOTL,19595000.0
CI,Cote d'Ivoire,2004,SP.URB.TOTL.IN.ZS,44.667357886658
CI,Cote d'Ivoire,2005,EG.ELC.ACCS.RU.ZS,36.2
CI,Cote d'Ivoire,2005,EG.ELC.ACCS.UR.ZS,86.4
CI,Cote d'Ivoire,2005,EG.ELC.ACCS.ZS,58.9
CI,Cote d'Ivoire,2005,EG.USE.ELEC.KH.PC,157.012561702548
CI,Cote d'Ivoire,2005,NY.GDP.PCAP.CD,1197.74616979415
CI,Cote d'Ivoire,2005,SP.POP.GROW,2.38748971138117
CI,Cote d'Ivoire,2005,SP.POP.TOTL,20068458.0
CI,Cote d'Ivoire,2005,SP.URB.TOTL.IN.ZS,45.082298743724
CI,Cote d'Ivoire,2006,EG.ELC.ACCS.RU.ZS,34.1
CI,Cote d'Ivoire,2006,EG.ELC.ACCS.UR.ZS,91.2
CI,Cote d'Ivoire,2006,EG.ELC.ACCS.ZS,60.2
CI,Cote d'Ivoire,2006,EG.USE.ELEC.KH.PC,165.865228077829
CI,Cote d'Ivoire,2006,NY.GDP.PCAP.CD,1230.43056838584
CI,Cote d'Ivoire,2006,SP.POP.GROW,2.35559796287643
CI,Cote d'Ivoire,2006,SP.POP.TOTL,20546802.0
CI,Cote d'Ivoire,2006,SP.URB.TOTL.IN.ZS,45.5035131674326
CI,Cote d'Ivoire,2007,EG.ELC.ACCS.RU.ZS,29.3
CI,Cote d'Ivoire,2007,EG.ELC.ACCS.UR.ZS,85.8
CI,Cote d'Ivoire,2007,EG.ELC.ACCS.ZS,55.3
CI,Cote d'Ivoire,2007,EG.USE.ELEC.KH.PC,170.561332704534
CI,Cote d'Ivoire,2007,NY.GDP.PCAP.CD,1367.53817722326
CI,Cote d'Ivoire,2007,SP.POP.GROW,2.3271214491968
CI,Cote d'Ivoire,2007,SP.POP.TOTL,21030558.0
CI,Cote d'Ivoire,2007,SP.URB.TOTL.IN.ZS,45.930317338965
CI,Cote d'Ivoire,2008,EG.ELC.ACCS.RU.ZS,35.6
CI,Cote d'Ivoire,2008,EG.ELC.ACCS.UR.ZS,88.8
CI,Cote d'Ivoire,2008,EG.ELC.ACCS.ZS,60.3
CI,Cote d'Ivoire,2008,EG.USE.ELEC.KH.PC,178.298862452328
CI,Cote d'Ivoire,2008,NY.GDP.PCAP.CD,1583.97066701372
CI,Cote d'Ivoire,2008,SP.POP.GROW,2.27477682329573
CI,Cote d'Ivoire,2008,SP.POP.TOTL,21514439.0
CI,Cote d'Ivoire,2008,SP.URB.TOTL.IN.ZS,46.3620274395029
CI,Cote d'Ivoire,2009,EG.ELC.ACCS.RU.ZS,31.0
CI,Cote d'Ivoire,2009,EG.ELC.ACCS.UR.ZS,87.2
CI,Cote d'Ivoire,2009,EG.ELC.ACCS.ZS,57.3
CI,Cote d'Ivoire,2009,EG.USE.ELEC.KH.PC,182.835301850991
CI,Cote d'Ivoire,2009,NY.GDP.PCAP.CD,1540.45393569596
CI,Cote d'Ivoire,2009,SP.POP.GROW,2.22245214914258
CI,Cote d'Ivoire,2009,SP.POP.TOTL,21997940.0
CI,Cote d'Ivoire,2009,SP.URB.TOTL.IN.ZS,46.7979596502274
CI,Cote d'Ivoire,2010,EG.ELC.ACCS.RU.ZS,31.9
CI,Cote d'Ivoire,2010,EG.ELC.ACCS.UR.ZS,87.9
CI,Cote d'Ivoire,2010,EG.ELC.ACCS.ZS,58.4
CI,Cote d'Ivoire,2010,EG.USE.ELEC.KH.PC,196.326362450482
CI,Cote d'Ivoire,2010,NY.GDP.PCAP.CD,1553.54887048143
CI,Cote d'Ivoire,2010,SP.POP.GROW,2.20359114199838
CI,Cote d'Ivoire,2010,SP.POP.TOTL,22488065.0
CI,Cote d'Ivoire,2010,SP.URB.TOTL.IN.ZS,47.2374301523201
CI,Cote d'Ivoire,2011,EG.ELC.ACCS.RU.ZS,26.3
CI,Cote d'Ivoire,2011,EG.ELC.ACCS.UR.ZS,88.1
CI,Cote d'Ivoire,2011,EG.ELC.ACCS.ZS,55.8
CI,Cote d'Ivoire,2011,EG.USE.ELEC.KH.PC,180.184492211296
CI,Cote d'Ivoire,2011,NY.GDP.PCAP.CD,1596.62826565998
CI,Cote d'Ivoire,2011,SP.POP.GROW,2.17265768049368
CI,Cote d'Ivoire,2011,SP.POP.TOTL,22982000.0
CI,Cote d'Ivoire,2011,SP.URB.TOTL.IN.ZS,47.6797551269623
CI,Cote d'Ivoire,2012,EG.ELC.ACCS.RU.ZS,25.8
CI,Cote d'Ivoire,2012,EG.ELC.ACCS.UR.ZS,88.1
CI,Cote d'Ivoire,2012,EG.ELC.ACCS.ZS,55.8
CI,Cote d'Ivoire,2012,EG.USE.ELEC.KH.PC,215.578607613611
CI,Cote d'Ivoire,2012,NY.GDP.PCAP.CD,1546.9460184731
CI,Cote d'Ivoire,2012,SP.POP.GROW,2.08872019159152
CI,Cote d'Ivoire,2012,SP.POP.TOTL,23467078.0
CI,Cote d'Ivoire,2012,SP.URB.TOTL.IN.ZS,48.1242507553354
CI,Cote d'Ivoire,2013,EG.ELC.ACCS.RU.ZS,34.5
CI,Cote d'Ivoire,2013,EG.ELC.ACCS.UR.ZS,89.9
CI,Cote d'Ivoire,2013,EG.ELC.ACCS.ZS,61.5
CI,Cote d'Ivoire,2013,EG.USE.ELEC.KH.PC,215.12315800796
CI,Cote d'Ivoire,2013,NY.GDP.PCAP.CD,1786.15862031324
CI,Cote d'Ivoire,2013,SP.POP.GROW,1.99427988380631
CI,Cote d'Ivoire,2013,SP.POP.TOTL,23939775.0
CI,Cote d'Ivoire,2013,SP.URB.TOTL.IN.ZS,48.5702332186208
CI,Cote d'Ivoire,2014,EG.ELC.ACCS.RU.ZS,34.3
CI,Cote d'Ivoire,2014,EG.ELC.ACCS.UR.ZS,90.6
CI,Cote d'Ivoire,2014,EG.ELC.ACCS.ZS,61.9
CI,Cote d'Ivoire,2014,EG.USE.ELEC.KH.PC,253.675533011149
CI,Cote d'Ivoire,2014,NY.GDP.PCAP.CD,1991.36539423404
CI,Cote d'Ivoire,2014,SP.POP.GROW,2.42493545476417
CI,Cote d'Ivoire,2014,SP.POP.TOTL,24527395.0
CI,Cote d'Ivoire,2014,SP.URB.TOTL.IN.ZS,49.0173144557368
CI,Cote d'Ivoire,2015,EG.ELC.ACCS.RU.ZS,39.2
CI,Cote d'Ivoire,2015,EG.ELC.ACCS.UR.ZS,86.5
CI,Cote d'Ivoire,2015,EG.ELC.ACCS.ZS,62.6
CI,Cote d'Ivoire,2015,EG.USE.ELEC.KH.PC,242.371746370227
CI,Cote d'Ivoire,2015,NY.GDP.PCAP.CD,1814.71855088017
CI,Cote d'Ivoire,2015,SP.POP.GROW,2.88906178023194
CI,Cote d'Ivoire,2015,SP.POP.TOTL,25246342.0
CI,Cote d'Ivoire,2015,SP.URB.TOTL.IN.ZS,49.4694894689553
CI,Cote d'Ivoire,2016,EG.ELC.ACCS.RU.ZS,36.7
CI,Cote d'Ivoire,2016,EG.ELC.ACCS.UR.ZS,92.0
CI,Cote d'Ivoire,2016,EG.ELC.ACCS.ZS,64.3
CI,Cote d'Ivoire,2016,EG.USE.ELEC.KH.PC,239.674590472541
CI,Cote d'Ivoire,2016,NY.GDP.PCAP.CD,1862.59597081287
CI,Cote d'Ivoire,2016,SP.POP.GROW,2.90076810314127
CI,Cote d'Ivoire,2016,SP.POP.TOTL,25989405.0
CI,Cote d'Ivoire,2016,SP.URB.TOTL.IN.ZS,49.929991034032
CI,Cote d'Ivoire,2017,EG.ELC.ACCS.RU.ZS,38.4
CI,Cote d'Ivoire,2017,EG.ELC.ACCS.UR.ZS,92.5
CI,Cote d'Ivoire,2017,EG.ELC.ACCS.ZS,65.6
CI,Cote d'Ivoire,2017,EG.USE.ELEC.KH.PC,272.618059554926
CI,Cote d'Ivoire,2017,NY.GDP.PCAP.CD,1964.29930338343
CI,Cote d'Ivoire,2017,SP.POP.GROW,2.82237176165589
CI,Cote d'Ivoire,2017,SP.POP.TOTL,26733372.0
CI,Cote d'Ivoire,2017,SP.URB.TOTL.IN.ZS,50.3977309654344
CI,Cote d'Ivoire,2018,EG.ELC.ACCS.RU.ZS,40.4
CI,Cote d'Ivoire,2018,EG.ELC.ACCS.UR.ZS,93.1
CI,Cote d'Ivoire,2018,EG.ELC.ACCS.ZS,67.1
CI,Cote d'Ivoire,2018,EG.USE.ELEC.KH.PC,259.756592707161
CI,Cote d'Ivoire,2018,NY.GDP.PCAP.CD,2130.86619381144
CI,Cote d'Ivoire,2018,SP.POP.GROW,2.69696827034562
CI,Cote d'Ivoire,2018,SP.POP.TOTL,27464173.0
CI,Cote d'Ivoire,2018,SP.URB.TOTL.IN.ZS,50.8718477756395
CI,Cote d'Ivoire,2019,EG.ELC.ACCS.RU.ZS,42.1
CI,Cote d'Ivoire,2019,EG.ELC.ACCS.UR.ZS,93.7
CI,Cote d'Ivoire,2019,EG.ELC.ACCS.ZS,68.6
CI,Cote d'Ivoire,2019,EG.USE.ELEC.KH.PC,278.827988881925
CI,Cote d'Ivoire,2019,NY.GDP.PCAP.CD,2141.76836170115
CI,Cote d'Ivoire,2019,SP.POP.GROW,2.61916841176218
CI,Cote d'Ivoire,2019,SP.POP.TOTL,28193009.0
CI,Cote d'Ivoire,2019,SP.URB.TOTL.IN.ZS,51.3514799771241
CI,Cote d'Ivoire,2020,EG.ELC.ACCS.RU.ZS,43.7
CI,Cote d'Ivoire,2020,EG.ELC.ACCS.UR.ZS,94.3
CI,Cote d'Ivoire,2020,EG.ELC.ACCS.ZS,69.9
CI,Cote d'Ivoire,2020,EG.USE.ELEC.KH.PC,290.017976203655
CI,Cote d'Ivoire,2020,NY.GDP.PCAP.CD,2179.72934832935
CI,Cote d'Ivoire,2020,SP.POP.GROW,2.53019803537112
CI,Cote d'Ivoire,2020,SP.POP.TOTL,28915449.0
CI,Cote d'Ivoire,2020,SP.URB.TOTL.IN.ZS,51.8357660823651
CI,Cote d'Ivoire,2021,EG.ELC.ACCS.RU.ZS,45.2
CI,Cote d'Ivoire,2021,EG.ELC.ACCS.UR.ZS,94.9
CI,Cote d'Ivoire,2021,EG.ELC.ACCS.ZS,71.1
CI,Cote d'Ivoire,2021,EG.USE.ELEC.KH.PC,308.099910201629
CI,Cote d'Ivoire,2021,NY.GDP.PCAP.CD,2455.98127641148
CI,Cote d'Ivoire,2021,SP.POP.GROW,2.47398737434864
CI,Cote d'Ivoire,2021,SP.POP.TOTL,29639736.0
CI,Cote d'Ivoire,2021,SP.URB.TOTL.IN.ZS,52.3183461956059
CI,Cote d'Ivoire,2022,EG.ELC.ACCS.RU.ZS,45.3
CI,Cote d'Ivoire,2022,EG.ELC.ACCS.UR.ZS,95.0
CI,Cote d'Ivoire,2022,EG.ELC.ACCS.ZS,72.0
CI,Cote d'Ivoire,2022,EG.USE.ELEC.KH.PC,323.704535370651
CI,Cote d'Ivoire,2022,NY.GDP.PCAP.CD,2333.37128301259
CI,Cote d'Ivoire,2022,SP.POP.GROW,2.51622934953513
CI,Cote d'Ivoire,2022,SP.POP.TOTL,30395002.0
CI,Cote d'Ivoire,2022,SP.URB.TOTL.IN.ZS,52.8492549676673
CI,Cote d'Ivoire,2023,EG.ELC.ACCS.RU.ZS,48.0
CI,Cote d'Ivoire,2023,EG.ELC.ACCS.UR.ZS,93.9
CI,Cote d'Ivoire,2023,EG.ELC.ACCS.ZS,72.4
CI,Cote d'Ivoire,2023,NY.GDP.PCAP.CD,2591.9659048119
CI,Cote d'Ivoire,2023,SP.POP.GROW,2.50384681190665
CI,Cote d'Ivoire,2023,SP.POP.TOTL,31165654.0
CI,Cote d'Ivoire,2023,SP.URB.TOTL.IN.ZS,53.4075201638704
GW,Guinee-Bissau,2000,EG.ELC.ACCS.UR.ZS,23.8
GW,Guinee-Bissau,2000,NY.GDP.PCAP.CD,316.945495037639
GW,Guinee-Bissau,2000,SP.POP.GROW,2.00706384351502
GW,Guinee-Bissau,2000,SP.POP.TOTL,1234741.0
GW,Guinee-Bissau,2000,SP.URB.TOTL.IN.ZS,36.8412054388232
GW,Guinee-Bissau,2001,EG.ELC.ACCS.UR.ZS,24.0
GW,Guinee-Bissau,2001,NY.GDP.PCAP.CD,327.138431972397
GW,Guinee-Bissau,2001,SP.POP.GROW,2.12602969093669
GW,Guinee-Bissau,2001,SP.POP.TOTL,1261273.0
GW,Guinee-Bissau,2001,SP.URB.TOTL.IN.ZS,37.1627839410066
GW,Guinee-Bissau,2002,EG.ELC.ACCS.UR.ZS,24.3
GW,Guinee-Bissau,2002,EG.ELC.ACCS.ZS,1.3
GW,Guinee-Bissau,2002,NY.GDP.PCAP.CD,362.034574570354
GW,Guinee-Bissau,2002,SP.POP.GROW,2.19833363261225
GW,Guinee-Bissau,2002,SP.POP.TOTL,1289307.0
GW,Guinee-Bissau,2002,SP.URB.TOTL.IN.ZS,37.4734924367695
GW,Guinee-Bissau,2003,EG.ELC.ACCS.UR.ZS,24.6
GW,Guinee-Bissau,2003,EG.ELC.ACCS.ZS,2.6
GW,Guinee-Bissau,2003,NY.GDP.PCAP.CD,419.78486611807
GW,Guinee-Bissau,2003,SP.POP.GROW,2.26219170729877
GW,Guinee-Bissau,2003,SP.POP.TOTL,1318806.0
GW,Guinee-Bissau,2003,SP.URB.TOTL.IN.ZS,37.7773055741583
GW,Guinee-Bissau,2004,EG.ELC.ACCS.UR.ZS,24.9
GW,Guinee-Bissau,2004,EG.ELC.ACCS.ZS,3.9
GW,Guinee-Bissau,2004,NY.GDP.PCAP.CD,431.376557669634
GW,Guinee-Bissau,2004,SP.POP.GROW,2.30540545476551
GW,Guinee-Bissau,2004,SP.POP.TOTL,1349563.0
GW,Guinee-Bissau,2004,SP.URB.TOTL.IN.ZS,38.0781980012196
GW,Guinee-Bissau,2005,EG.ELC.ACCS.UR.ZS,25.2
GW,Guinee-Bissau,2005,EG.ELC.ACCS.ZS,5.2
GW,Guinee-Bissau,2005,NY.GDP.PCAP.CD,463.073962650452
GW,Guinee-Bissau,2005,SP.POP.GROW,2.34505544706955
GW,Guinee-Bissau,2005,SP.POP.TOTL,1381585.0
GW,Guinee-Bissau,2005,SP.URB.TOTL.IN.ZS,38.3801443659997
GW,Guinee-Bissau,2006,EG.ELC.ACCS.RU.ZS,2.1
GW,Guinee-Bissau,2006,EG.ELC.ACCS.UR.ZS,34.4
GW,Guinee-Bissau,2006,EG.ELC.ACCS.ZS,14.5
GW,Guinee-Bissau,2006,NY.GDP.PCAP.CD,448.513075469701
GW,Guinee-Bissau,2006,SP.POP.GROW,2.41122516333709
GW,Guinee-Bissau,2006,SP.POP.TOTL,1415303.0
GW,Guinee-Bissau,2006,SP.URB.TOTL.IN.ZS,38.6871193165452
GW,Guinee-Bissau,2007,EG.ELC.ACCS.UR.ZS,25.9
GW,Guinee-Bissau,2007,EG.ELC.ACCS.ZS,7.9
GW,Guinee-Bissau,2007,NY.GDP.PCAP.CD,519.069789794741
GW,Guinee-Bissau,2007,SP.POP.GROW,2.48996828898925
GW,Guinee-Bissau,2007,SP.POP.TOTL,1450986.0
GW,Guinee-Bissau,2007,SP.URB.TOTL.IN.ZS,39.0030975009025
GW,Guinee-Bissau,2008,EG.ELC.ACCS.UR.ZS,26.3
GW,Guinee-Bissau,2008,EG.ELC.ACCS.ZS,9.3
GW,Guinee-Bissau,2008,NY.GDP.PCAP.CD,640.210331101753
GW,Guinee-Bissau,2008,SP.POP.GROW,2.52259007377628
GW,Guinee-Bissau,2008,SP.POP.TOTL,1488054.0
GW,Guinee-Bissau,2008,SP.URB.TOTL.IN.ZS,39.3320535671181
GW,Guinee-Bissau,2009,EG.ELC.ACCS.UR.ZS,26.7
GW,Guinee-Bissau,2009,EG.ELC.ACCS.ZS,4.7
GW,Guinee-Bissau,2009,NY.GDP.PCAP.CD,583.190020139094
GW,Guinee-Bissau,2009,SP.POP.GROW,2.54277273891846
GW,Guinee-Bissau,2009,SP.POP.TOTL,1526377.0
GW,Guinee-Bissau,2009,SP.URB.TOTL.IN.ZS,39.6716434222135
GW,Guinee-Bissau,2010,EG.ELC.ACCS.RU.ZS,2.1
GW,Guinee-Bissau,2010,EG.ELC.ACCS.UR.ZS,11.8
GW,Guinee-Bissau,2010,EG.ELC.ACCS.ZS,6.0
GW,Guinee-Bissau,2010,NY.GDP.PCAP.CD,600.194298540768
GW,Guinee-Bissau,2010,SP.POP.GROW,2.58492032110101
GW,Guinee-Bissau,2010,SP.POP.TOTL,1566347.0
GW,Guinee-Bissau,2010,SP.URB.TOTL.IN.ZS,40.0095596313477
GW,Guinee-Bissau,2011,EG.ELC.ACCS.RU.ZS,4.0
GW,Guinee-Bissau,2011,EG.ELC.ACCS.UR.ZS,27.5
GW,Guinee-Bissau,2011,EG.ELC.ACCS.ZS,13.5
GW,Guinee-Bissau,2011,NY.GDP.PCAP.CD,719.539573498937
GW,Guinee-Bissau,2011,SP.POP.GROW,2.62922766462762
GW,Guinee-Bissau,2011,SP.POP.TOTL,1608076.0
GW,Guinee-Bissau,2011,SP.URB.TOTL.IN.ZS,40.4391136169434
GW,Guinee-Bissau,2012,EG.ELC.ACCS.RU.ZS,6.0
GW,Guinee-Bissau,2012,EG.ELC.ACCS.UR.ZS,27.9
GW,Guinee-Bissau,2012,EG.ELC.ACCS.ZS,14.9
GW,Guinee-Bissau,2012,NY.GDP.PCAP.CD,635.461653303881
GW,Guinee-Bissau,2012,SP.POP.GROW,2.65952739224803
GW,Guinee-Bissau,2012,SP.POP.TOTL,1651417.0
GW,Guinee-Bissau,2012,SP.URB.TOTL.IN.ZS,40.8686027526855
GW,Guinee-Bissau,2013,EG.ELC.ACCS.RU.ZS,8.0
GW,Guinee-Bissau,2013,EG.ELC.ACCS.UR.ZS,28.3
GW,Guinee-Bissau,2013,EG.ELC.ACCS.ZS,16.3
GW,Guinee-Bissau,2013,NY.GDP.PCAP.CD,654.304534409417
GW,Guinee-Bissau,2013,SP.POP.GROW,2.66229101877146
GW,Guinee-Bissau,2013,SP.POP.TOTL,1695973.0
GW,Guinee-Bissau,2013,SP.URB.TOTL.IN.ZS,41.2976379394531
GW,Guinee-Bissau,2014,EG.ELC.ACCS.RU.ZS,5.8
GW,Guinee-Bissau,2014,EG.ELC.ACCS.UR.ZS,33.1
GW,Guinee-Bissau,2014,EG.ELC.ACCS.ZS,17.2
GW,Guinee-Bissau,2014,NY.GDP.PCAP.CD,652.022501029449
GW,Guinee-Bissau,2014,SP.POP.GROW,2.62731155689981
GW,Guinee-Bissau,2014,SP.POP.TOTL,1741122.0
GW,Guinee-Bissau,2014,SP.URB.TOTL.IN.ZS,41.7271995544434
GW,Guinee-Bissau,2015,EG.ELC.ACCS.RU.ZS,8.9
GW,Guinee-Bissau,2015,EG.ELC.ACCS.UR.ZS,35.5
GW,Guinee-Bissau,2015,EG.ELC.ACCS.ZS,20.1
GW,Guinee-Bissau,2015,NY.GDP.PCAP.CD,645.066837207039
GW,Guinee-Bissau,2015,SP.POP.GROW,2.57045957815277
GW,Guinee-Bissau,2015,SP.POP.TOTL,1786457.0
GW,Guinee-Bissau,2015,SP.URB.TOTL.IN.ZS,42.1568145751953
GW,Guinee-Bissau,2016,EG.ELC.ACCS.RU.ZS,10.5
GW,Guinee-Bissau,2016,EG.ELC.ACCS.UR.ZS,39.7
GW,Guinee-Bissau,2016,EG.ELC.ACCS.ZS,22.9
GW,Guinee-Bissau,2016,NY.GDP.PCAP.CD,679.665386626818
GW,Guinee-Bissau,2016,SP.POP.GROW,2.51155296505032
GW,Guinee-Bissau,2016,SP.POP.TOTL,1831893.0
GW,Guinee-Bissau,2016,SP.URB.TOTL.IN.ZS,42.586109161377
GW,Guinee-Bissau,2017,EG.ELC.ACCS.RU.ZS,12.5
GW,Guinee-Bissau,2017,EG.ELC.ACCS.UR.ZS,43.9
GW,Guinee-Bissau,2017,EG.ELC.ACCS.ZS,26.0
GW,Guinee-Bissau,2017,NY.GDP.PCAP.CD,783.123186602022
GW,Guinee-Bissau,2017,SP.POP.GROW,2.4363257519627
GW,Guinee-Bissau,2017,SP.POP.TOTL,1877072.0
GW,Guinee-Bissau,2017,SP.URB.TOTL.IN.ZS,43.0155792236328
GW,Guinee-Bissau,2018,EG.ELC.ACCS.RU.ZS,13.3
GW,Guinee-Bissau,2018,EG.ELC.ACCS.UR.ZS,48.1
GW,Guinee-Bissau,2018,EG.ELC.ACCS.ZS,28.4
GW,Guinee-Bissau,2018,NY.GDP.PCAP.CD,808.531613218504
GW,Guinee-Bissau,2018,SP.POP.GROW,2.37405997248475
GW,Guinee-Bissau,2018,SP.POP.TOTL,1922168.0
GW,Guinee-Bissau,2018,SP.URB.TOTL.IN.ZS,43.4449081420898
GW,Guinee-Bissau,2019,EG.ELC.ACCS.RU.ZS,14.3
GW,Guinee-Bissau,2019,EG.ELC.ACCS.UR.ZS,52.3
GW,Guinee-Bissau,2019,EG.ELC.ACCS.ZS,30.9
GW,Guinee-Bissau,2019,NY.GDP.PCAP.CD,811.216425885129
GW,Guinee-Bissau,2019,SP.POP.GROW,2.34095994762157
GW,Guinee-Bissau,2019,SP.POP.TOTL,1967696.0
GW,Guinee-Bissau,2019,SP.URB.TOTL.IN.ZS,43.8745574951172
GW,Guinee-Bissau,2020,EG.ELC.ACCS.RU.ZS,15.1
GW,Guinee-Bissau,2020,EG.ELC.ACCS.UR.ZS,56.4
GW,Guinee-Bissau,2020,EG.ELC.ACCS.ZS,33.4
GW,Guinee-Bissau,2020,NY.GDP.PCAP.CD,846.915855715971
GW,Guinee-Bissau,2020,SP.POP.GROW,2.28895000835492
GW,Guinee-Bissau,2020,SP.POP.TOTL,2013255.0
GW,Guinee-Bissau,2020,SP.URB.TOTL.IN.ZS,44.3038330078125
GW,Guinee-Bissau,2021,EG.ELC.ACCS.RU.ZS,15.8
GW,Guinee-Bissau,2021,EG.ELC.ACCS.UR.ZS,60.5
GW,Guinee-Bissau,2021,EG.ELC.ACCS.ZS,35.8
GW,Guinee-Bissau,2021,NY.GDP.PCAP.CD,926.780921081233
GW,Guinee-Bissau,2021,SP.POP.GROW,2.23903878745423
GW,Guinee-Bissau,2021,SP.POP.TOTL,2058841.0
GW,Guinee-Bissau,2021,SP.URB.TOTL.IN.ZS,44.7334136962891
GW,Guinee-Bissau,2022,EG.ELC.ACCS.RU.ZS,15.8
GW,Guinee-Bissau,2022,EG.ELC.ACCS.UR.ZS,61.0
GW,Guinee-Bissau,2022,EG.ELC.ACCS.ZS,37.4
GW,Guinee-Bissau,2022,NY.GDP.PCAP.CD,883.199131457831
GW,Guinee-Bissau,2022,SP.POP.GROW,2.24235388639993
GW,Guinee-Bissau,2022,SP.POP.TOTL,2105529.0
GW,Guinee-Bissau,2022,SP.URB.TOTL.IN.ZS,45.1627159118652
GW,Guinee-Bissau,2023,EG.ELC.ACCS.RU.ZS,20.7
GW,Guinee-Bissau,2023,EG.ELC.ACCS.UR.ZS,64.3
GW,Guinee-Bissau,2023,EG.ELC.ACCS.ZS,40.5
GW,Guinee-Bissau,2023,NY.GDP.PCAP.CD,988.087886357022
GW,Guinee-Bissau,2023,SP.POP.GROW,2.24529187264064
GW,Guinee-Bissau,2023,SP.POP.TOTL,2153339.0
GW,Guinee-Bissau,2023,SP.URB.TOTL.IN.ZS,45.5923843383789
ML,Mali,2000,EG.ELC.ACCS.UR.ZS,33.8
ML,Mali,2000,EG.ELC.ACCS.ZS,9.6
ML,Mali,2000,NY.GDP.PCAP.CD,304.652870194271
ML,Mali,2000,SP.POP.GROW,2.91308874187569
ML,Mali,2000,SP.POP.TOTL,11559290.0
ML,Mali,2000,SP.URB.TOTL.IN.ZS,18.977631037325
ML,Mali,2001,EG.ELC.ACCS.UR.ZS,37.0
ML,Mali,2001,EG.ELC.ACCS.ZS,10.8
ML,Mali,2001,NY.GDP.PCAP.CD,346.224554251022
ML,Mali,2001,SP.POP.GROW,3.00701165563643
ML,Mali,2001,SP.POP.TOTL,11912158.0
ML,Mali,2001,SP.URB.TOTL.IN.ZS,19.3181950112665
ML,Mali,2002,EG.ELC.ACCS.RU.ZS,1.7
ML,Mali,2002,EG.ELC.ACCS.UR.ZS,39.7
ML,Mali,2002,EG.ELC.ACCS.ZS,13.0
ML,Mali,2002,NY.GDP.PCAP.CD,378.191678628285
ML,Mali,2002,SP.POP.GROW,3.10676861781848
ML,Mali,2002,SP.POP.TOTL,12288050.0
ML,Mali,2002,SP.URB.TOTL.IN.ZS,19.6792980362731
ML,Mali,2003,EG.ELC.ACCS.RU.ZS,2.5
ML,Mali,2003,EG.ELC.ACCS.UR.ZS,42.6
ML,Mali,2003,EG.ELC.ACCS.ZS,14.7
ML,Mali,2003,NY.GDP.PCAP.CD,441.910358475095
ML,Mali,2003,SP.POP.GROW,3.17894001404545
ML,Mali,2003,SP.POP.TOTL,12684955.0
ML,Mali,2003,SP.URB.TOTL.IN.ZS,20.0594231247985
ML,Mali,2004,EG.ELC.ACCS.RU.ZS,3.2
ML,Mali,2004,EG.ELC.ACCS.UR.ZS,45.6
ML,Mali,2004,EG.ELC.ACCS.ZS,16.4
ML,Mali,2004,NY.GDP.PCAP.CD,495.006294680645
ML,Mali,2004,SP.POP.GROW,3.23794608826987
ML,Mali,2004,SP.POP.TOTL,13102409.0
ML,Mali,2004,SP.URB.TOTL.IN.ZS,20.4570532892964
ML,Mali,2005,EG.ELC.ACCS.RU.ZS,3.8
ML,Mali,2005,EG.ELC.ACCS.UR.ZS,48.6
ML,Mali,2005,EG.ELC.ACCS.ZS,18.2
ML,Mali,2005,NY.GDP.PCAP.CD,548.730382842725
ML,Mali,2005,SP.POP.GROW,3.27522299158149
ML,Mali,2005,SP.POP.TOTL,13538647.0
ML,Mali,2005,SP.URB.TOTL.IN.ZS,20.8706715422205
ML,Mali,2006,EG.ELC.ACCS.RU.ZS,1.5
ML,Mali,2006,EG.ELC.ACCS.UR.ZS,47.4
ML,Mali,2006,EG.ELC.ACCS.ZS,16.6
ML,Mali,2006,NY.GDP.PCAP.CD,586.985415515264
ML,Mali,2006,SP.POP.GROW,3.2804387949943
ML,Mali,2006,SP.POP.TOTL,13990139.0
ML,Mali,2006,SP.URB.TOTL.IN.ZS,21.2987608960246
ML,Mali,2007,EG.ELC.ACCS.RU.ZS,5.0
ML,Mali,2007,EG.ELC.ACCS.UR.ZS,54.6
ML,Mali,2007,EG.ELC.ACCS.ZS,21.7
ML,Mali,2007,NY.GDP.PCAP.CD,670.853394973479
ML,Mali,2007,SP.POP.GROW,3.28796078422057
ML,Mali,2007,SP.POP.TOTL,14457775.0
ML,Mali,2007,SP.URB.TOTL.IN.ZS,21.7398043631622
ML,Mali,2008,EG.ELC.ACCS.RU.ZS,5.5
ML,Mali,2008,EG.ELC.ACCS.UR.ZS,57.6
ML,Mali,2008,EG.ELC.ACCS.ZS,23.4
ML,Mali,2008,NY.GDP.PCAP.CD,767.19483895009
ML,Mali,2008,SP.POP.GROW,3.2862188900418
ML,Mali,2008,SP.POP.TOTL,14940782.0
ML,Mali,2008,SP.URB.TOTL.IN.ZS,22.1922849560871
ML,Mali,2009,EG.ELC.ACCS.RU.ZS,5.7
ML,Mali,2009,EG.ELC.ACCS.UR.ZS,57.9
ML,Mali,2009,EG.ELC.ACCS.ZS,24.0
ML,Mali,2009,NY.GDP.PCAP.CD,787.482564287398
ML,Mali,2009,SP.POP.GROW,3.25780569403424
ML,Mali,2009,SP.POP.TOTL,15435539.0
ML,Mali,2009,SP.URB.TOTL.IN.ZS,22.6557955217884
ML,Mali,2010,EG.ELC.ACCS.UR.ZS,74.4
ML,Mali,2010,EG.ELC.ACCS.ZS,27.0
ML,Mali,2010,NY.GDP.PCAP.CD,797.151541135109
ML,Mali,2010,SP.POP.GROW,3.2485140091385
ML,Mali,2010,SP.POP.TOTL,15945198.0
ML,Mali,2010,SP.URB.TOTL.IN.ZS,23.1359461824894
ML,Mali,2011,EG.ELC.ACCS.RU.ZS,1.4
ML,Mali,2011,EG.ELC.ACCS.UR.ZS,75.9
ML,Mali,2011,EG.ELC.ACCS.ZS,28.8
ML,Mali,2011,NY.GDP.PCAP.CD,938.292902583696
ML,Mali,2011,SP.POP.GROW,3.23250831038309
ML,Mali,2011,SP.POP.TOTL,16469049.0
ML,Mali,2011,SP.URB.TOTL.IN.ZS,23.6379674039304
ML,Mali,2012,EG.ELC.ACCS.UR.ZS,76.0
ML,Mali,2012,EG.ELC.ACCS.ZS,25.6
ML,Mali,2012,NY.GDP.PCAP.CD,872.506092465564
ML,Mali,2012,SP.POP.GROW,2.91998728475051
ML,Mali,2012,SP.POP.TOTL,16957033.0
ML,Mali,2012,SP.URB.TOTL.IN.ZS,24.1606168848588
ML,Mali,2013,EG.ELC.ACCS.RU.ZS,3.4
ML,Mali,2013,EG.ELC.ACCS.UR.ZS,78.9
ML,Mali,2013,EG.ELC.ACCS.ZS,32.4
ML,Mali,2013,NY.GDP.PCAP.CD,901.920957644831
ML,Mali,2013,SP.POP.GROW,2.92078257453733
ML,Mali,2013,SP.POP.TOTL,17459615.0
ML,Mali,2013,SP.URB.TOTL.IN.ZS,24.7033626854883
ML,Mali,2014,EG.ELC.ACCS.RU.ZS,4.5
ML,Mali,2014,EG.ELC.ACCS.UR.ZS,80.3
ML,Mali,2014,EG.ELC.ACCS.ZS,34.2
ML,Mali,2014,NY.GDP.PCAP.CD,947.915033288325
ML,Mali,2014,SP.POP.GROW,3.16065691731413
ML,Mali,2014,SP.POP.TOTL,18020267.0
ML,Mali,2014,SP.URB.TOTL.IN.ZS,25.2656728660325
ML,Mali,2015,EG.ELC.ACCS.RU.ZS,7.3
ML,Mali,2015,EG.ELC.ACCS.UR.ZS,83.1
ML,Mali,2015,EG.ELC.ACCS.ZS,37.6
ML,Mali,2015,NY.GDP.PCAP.CD,838.11986940103
ML,Mali,2015,SP.POP.GROW,3.1289280097663
ML,Mali,2015,SP.POP.TOTL,18593022.0
ML,Mali,2015,SP.URB.TOTL.IN.ZS,25.847015486705
ML,Mali,2016,EG.ELC.ACCS.RU.ZS,8.4
ML,Mali,2016,EG.ELC.ACCS.UR.ZS,83.0
ML,Mali,2016,EG.ELC.ACCS.ZS,38.8
ML,Mali,2016,NY.GDP.PCAP.CD,872.468587171653
ML,Mali,2016,SP.POP.GROW,3.16701291267986
ML,Mali,2016,SP.POP.TOTL,19191289.0
ML,Mali,2016,SP.URB.TOTL.IN.ZS,26.4468586077195
ML,Mali,2017,EG.ELC.ACCS.UR.ZS,85.0
ML,Mali,2017,EG.ELC.ACCS.ZS,34.8
ML,Mali,2017,NY.GDP.PCAP.CD,924.057531692284
ML,Mali,2017,SP.POP.GROW,3.18823649379751
ML,Mali,2017,SP.POP.TOTL,19813011.0
ML,Mali,2017,SP.URB.TOTL.IN.ZS,27.0646702892896
ML,Mali,2018,EG.ELC.ACCS.RU.ZS,25.4
ML,Mali,2018,EG.ELC.ACCS.UR.ZS,85.6
ML,Mali,2018,EG.ELC.ACCS.ZS,50.9
ML,Mali,2018,NY.GDP.PCAP.CD,996.379292136901
ML,Mali,2018,SP.POP.GROW,3.1254232369578
ML,Mali,2018,SP.POP.TOTL,20442030.0
ML,Mali,2018,SP.URB.TOTL.IN.ZS,27.6999185916288
ML,Mali,2019,EG.ELC.ACCS.RU.ZS,15.2
ML,Mali,2019,EG.ELC.ACCS.UR.ZS,90.9
ML,Mali,2019,EG.ELC.ACCS.ZS,47.9
ML,Mali,2019,NY.GDP.PCAP.CD,971.949318638092
ML,Mali,2019,SP.POP.GROW,3.01814494306617
ML,Mali,2019,SP.POP.TOTL,21068405.0
ML,Mali,2019,SP.URB.TOTL.IN.ZS,28.3520715749509
ML,Mali,2020,EG.ELC.ACCS.RU.ZS,16.8
ML,Mali,2020,EG.ELC.ACCS.UR.ZS,93.9
ML,Mali,2020,EG.ELC.ACCS.ZS,50.6
ML,Mali,2020,NY.GDP.PCAP.CD,953.242943290974
ML,Mali,2020,SP.POP.GROW,3.01751361469378
ML,Mali,2020,SP.POP.TOTL,21713836.0
ML,Mali,2020,SP.URB.TOTL.IN.ZS,29.0205972994693
ML,Mali,2021,EG.ELC.ACCS.RU.ZS,18.3
ML,Mali,2021,EG.ELC.ACCS.UR.ZS,96.9
ML,Mali,2021,EG.ELC.ACCS.ZS,53.4
ML,Mali,2021,NY.GDP.PCAP.CD,1027.27345365357
ML,Mali,2021,SP.POP.GROW,3.06035796580474
ML,Mali,2021,SP.POP.TOTL,22388630.0
ML,Mali,2021,SP.URB.TOTL.IN.ZS,29.7049638253978
ML,Mali,2022,EG.ELC.ACCS.RU.ZS,18.3
ML,Mali,2022,EG.ELC.ACCS.UR.ZS,99.7
ML,Mali,2022,EG.ELC.ACCS.ZS,53.0
ML,Mali,2022,NY.GDP.PCAP.CD,976.914116406452
ML,Mali,2022,SP.POP.GROW,3.00942592606239
ML,Mali,2022,SP.POP.TOTL,23072640.0
ML,Mali,2022,SP.URB.TOTL.IN.ZS,30.4015705681899
ML,Mali,2023,EG.ELC.ACCS.RU.ZS,22.7
ML,Mali,2023,EG.ELC.ACCS.UR.ZS,91.5
ML,Mali,2023,EG.ELC.ACCS.ZS,54.5
ML,Mali,2023,NY.GDP.PCAP.CD,1043.9533853528
ML,Mali,2023,SP.POP.GROW,2.97400537620334
ML,Mali,2023,SP.POP.TOTL,23769127.0
ML,Mali,2023,SP.URB.TOTL.IN.ZS,31.0031889023235
NE,Niger,2000,EG.ELC.ACCS.UR.ZS,40.7
NE,Niger,2000,EG.ELC.ACCS.ZS,6.5
NE,Niger,2000,EG.USE.ELEC.KH.PC,32.2338771967474
NE,Niger,2000,NY.GDP.PCAP.CD,194.771959898935
NE,Niger,2000,SP.POP.GROW,3.46716382832898
NE,Niger,2000,SP.POP.TOTL,11509630.0
NE,Niger,2000,SP.URB.TOTL.IN.ZS,16.1307678222656
NE,Niger,2001,EG.ELC.ACCS.RU.ZS,2.0
NE,Niger,2001,EG.ELC.ACCS.UR.ZS,41.1
NE,Niger,2001,EG.ELC.ACCS.ZS,8.4
NE,Niger,2001,EG.USE.ELEC.KH.PC,30.3674792148446
NE,Niger,2001,NY.GDP.PCAP.CD,205.417936120931
NE,Niger,2001,SP.POP.GROW,3.50878624306039
NE,Niger,2001,SP.POP.TOTL,11920647.0
NE,Niger,2001,SP.URB.TOTL.IN.ZS,16.2687225341797
NE,Niger,2002,EG.ELC.ACCS.RU.ZS,2.3
NE,Niger,2002,EG.ELC.ACCS.UR.ZS,42.3
NE,Niger,2002,EG.ELC.ACCS.ZS,8.8
NE,Niger,2002,EG.USE.ELEC.KH.PC,30.0425681326576
NE,Niger,2002,NY.GDP.PCAP.CD,225.294391147438
NE,Niger,2002,SP.POP.GROW,3.53148102432579
NE,Niger,2002,SP.POP.TOTL,12349144.0
NE,Niger,2002,SP.URB.TOTL.IN.ZS,16.2687206268311
NE,Niger,2003,EG.ELC.ACCS.RU.ZS,2.7
NE,Niger,2003,EG.ELC.ACCS.UR.ZS,43.4
NE,Niger,2003,EG.ELC.ACCS.ZS,9.3
NE,Niger,2003,EG.USE.ELEC.KH.PC,29.4600665281757
NE,Niger,2003,NY.GDP.PCAP.CD,265.225363452469
NE,Niger,2003,SP.POP.GROW,3.5622769230714
NE,Niger,2003,SP.POP.TOTL,12796984.0
NE,Niger,2003,SP.URB.TOTL.IN.ZS,16.2687225341797
NE,Niger,2004,EG.ELC.ACCS.RU.ZS,3.0
NE,Niger,2004,EG.ELC.ACCS.UR.ZS,44.5
NE,Niger,2004,EG.ELC.ACCS.ZS,9.7
NE,Niger,2004,EG.USE.ELEC.KH.PC,33.1679058899869
NE,Niger,2004,NY.GDP.PCAP.CD,283.468281798296
NE,Niger,2004,SP.POP.GROW,3.59824904350361
NE,Niger,2004,SP.POP.TOTL,13265836.0
NE,Niger,2004,SP.URB.TOTL.IN.ZS,16.2687225341797
NE,Niger,2005,EG.ELC.ACCS.UR.ZS,45.7
NE,Niger,2005,EG.ELC.ACCS.ZS,7.1
NE,Niger,2005,EG.USE.ELEC.KH.PC,36.3472681974779
NE,Niger,2005,NY.GDP.PCAP.CD,318.643121918273
NE,Niger,2005,SP.POP.GROW,3.62970414217364
NE,Niger,2005,SP.POP.TOTL,13756192.0
NE,Niger,2005,SP.URB.TOTL.IN.ZS,16.2687225341797
NE,Niger,2006,EG.ELC.ACCS.RU.ZS,2.0
NE,Niger,2006,EG.ELC.ACCS.UR.ZS,47.2
NE,Niger,2006,EG.ELC.ACCS.ZS,9.3
NE,Niger,2006,EG.USE.ELEC.KH.PC,34.5514385768283
NE,Niger,2006,NY.GDP.PCAP.CD,333.345078419447
NE,Niger,2006,SP.POP.GROW,3.65709371425878
NE,Niger,2006,SP.POP.TOTL,14268581.0
NE,Niger,2006,SP.URB.TOTL.IN.ZS,16.2675724894628
NE,Niger,2007,EG.ELC.ACCS.RU.ZS,4.1
NE,Niger,2007,EG.ELC.ACCS.UR.ZS,48.1
NE,Niger,2007,EG.ELC.ACCS.ZS,11.2
NE,Niger,2007,EG.USE.ELEC.KH.PC,38.774325992106
NE,Niger,2007,NY.GDP.PCAP.CD,387.168065883301
NE,Niger,2007,SP.POP.GROW,3.68110827846052
NE,Niger,2007,SP.POP.TOTL,14803610.0
NE,Niger,2007,SP.URB.TOTL.IN.ZS,16.2641887037781
NE,Niger,2008,EG.ELC.ACCS.RU.ZS,4.5
NE,Niger,2008,EG.ELC.ACCS.UR.ZS,49.3
NE,Niger,2008,EG.ELC.ACCS.ZS,11.8
NE,Niger,2008,EG.USE.ELEC.KH.PC,38.9274384085578
NE,Niger,2008,NY.GDP.PCAP.CD,475.044955398162
NE,Niger,2008,SP.POP.GROW,3.70203244818704
NE,Niger,2008,SP.POP.TOTL,15361915.0
NE,Niger,2008,SP.URB.TOTL.IN.ZS,16.2586706998252
NE,Niger,2009,EG.ELC.ACCS.RU.ZS,4.9
NE,Niger,2009,EG.ELC.ACCS.UR.ZS,50.6
NE,Niger,2009,EG.ELC.ACCS.ZS,12.3
NE,Niger,2009,EG.USE.ELEC.KH.PC,42.3365378433768
NE,Niger,2009,NY.GDP.PCAP.CD,461.131533961487
NE,Niger,2009,SP.POP.GROW,3.71708044318123
NE,Niger,2009,SP.POP.TOTL,15943675.0
NE,Niger,2009,SP.URB.TOTL.IN.ZS,16.2511180003032
NE,Niger,2010,EG.ELC.ACCS.RU.ZS,4.8
NE,Niger,2010,EG.ELC.ACCS.UR.ZS,59.1
NE,Niger,2010,EG.ELC.ACCS.ZS,13.6
NE,Niger,2010,EG.USE.ELEC.KH.PC,43.9910120561357
NE,Niger,2010,NY.GDP.PCAP.CD,474.425692340831
NE,Niger,2010,SP.POP.GROW,3.72535077368531
NE,Niger,2010,SP.POP.TOTL,16548835.0
NE,Niger,2010,SP.URB.TOTL.IN.ZS,16.2416301279116
NE,Niger,2011,EG.ELC.ACCS.RU.ZS,5.5
NE,Niger,2011,EG.ELC.ACCS.UR.ZS,59.9
NE,Niger,2011,EG.ELC.ACCS.ZS,14.3
NE,Niger,2011,EG.USE.ELEC.KH.PC,47.2162690845278
NE,Niger,2011,NY.GDP.PCAP.CD,510.75956176268
NE,Niger,2011,SP.POP.GROW,3.72138303234104
NE,Niger,2011,SP.POP.TOTL,17176283.0
NE,Niger,2011,SP.URB.TOTL.IN.ZS,16.2303066053496
NE,Niger,2012,EG.ELC.ACCS.RU.ZS,5.2
NE,Niger,2012,EG.ELC.ACCS.UR.ZS,61.8
NE,Niger,2012,EG.ELC.ACCS.ZS,14.4
NE,Niger,2012,EG.USE.ELEC.KH.PC,49.2241616180599
NE,Niger,2012,NY.GDP.PCAP.CD,528.510104469655
NE,Niger,2012,SP.POP.GROW,3.77324639644684
NE,Niger,2012,SP.POP.TOTL,17836769.0
NE,Niger,2012,SP.URB.TOTL.IN.ZS,16.2141284004355
NE,Niger,2013,EG.ELC.ACCS.RU.ZS,6.6
NE,Niger,2013,EG.ELC.ACCS.UR.ZS,59.4
NE,Niger,2013,EG.ELC.ACCS.ZS,15.2
NE,Niger,2013,EG.USE.ELEC.KH.PC,48.2184081143427
NE,Niger,2013,NY.GDP.PCAP.CD,552.103334363117
NE,Niger,2013,SP.POP.GROW,3.75837207594511
NE,Niger,2013,SP.POP.TOTL,18519898.0
NE,Niger,2013,SP.URB.TOTL.IN.ZS,16.2162595696064
NE,Niger,2014,EG.ELC.ACCS.RU.ZS,7.3
NE,Niger,2014,EG.ELC.ACCS.UR.ZS,59.3
NE,Niger,2014,EG.ELC.ACCS.ZS,15.7
NE,Niger,2014,EG.USE.ELEC.KH.PC,51.2596099409089
NE,Niger,2014,NY.GDP.PCAP.CD,565.30989731175
NE,Niger,2014,SP.POP.GROW,3.6892808045974
NE,Niger,2014,SP.POP.TOTL,19215909.0
NE,Niger,2014,SP.URB.TOTL.IN.ZS,16.2450424611665
NE,Niger,2015,EG.ELC.ACCS.RU.ZS,8.1
NE,Niger,2015,EG.ELC.ACCS.UR.ZS,60.2
NE,Niger,2015,EG.ELC.ACCS.ZS,16.6
NE,Niger,2015,EG.USE.ELEC.KH.PC,55.3674922006562
NE,Niger,2015,NY.GDP.PCAP.CD,485.662574175279
NE,Niger,2015,SP.POP.GROW,3.69640590007582
NE,Niger,2015,SP.POP.TOTL,19939498.0
NE,Niger,2015,SP.URB.TOTL.IN.ZS,16.3035606587493
NE,Niger,2016,EG.ELC.ACCS.RU.ZS,8.8
NE,Niger,2016,EG.ELC.ACCS.UR.ZS,59.2
NE,Niger,2016,EG.ELC.ACCS.ZS,17.0
NE,Niger,2016,EG.USE.ELEC.KH.PC,65.2139663467895
NE,Niger,2016,NY.GDP.PCAP.CD,502.706475406446
NE,Niger,2016,SP.POP.GROW,3.67426137513091
NE,Niger,2016,SP.POP.TOTL,20685753.0
NE,Niger,2016,SP.URB.TOTL.IN.ZS,16.3898280543236
NE,Niger,2017,EG.ELC.ACCS.RU.ZS,9.2
NE,Niger,2017,EG.ELC.ACCS.UR.ZS,60.4
NE,Niger,2017,EG.ELC.ACCS.ZS,17.6
NE,Niger,2017,EG.USE.ELEC.KH.PC,56.1686470157887
NE,Niger,2017,NY.GDP.PCAP.CD,521.804130023434
NE,Niger,2017,SP.POP.GROW,3.56007044831691
NE,Niger,2017,SP.POP.TOTL,21435446.0
NE,Niger,2017,SP.URB.TOTL.IN.ZS,16.5036987906896
NE,Niger,2018,EG.ELC.ACCS.RU.ZS,11.7
NE,Niger,2018,EG.ELC.ACCS.UR.ZS,47.6
NE,Niger,2018,EG.ELC.ACCS.ZS,17.6
NE,Niger,2018,EG.USE.ELEC.KH.PC,55.615475145674
NE,Niger,2018,NY.GDP.PCAP.CD,578.568035680892
NE,Niger,2018,SP.POP.GROW,3.45088050525461
NE,Niger,2018,SP.POP.TOTL,22188069.0
NE,Niger,2018,SP.URB.TOTL.IN.ZS,16.6449011799221
NE,Niger,2019,EG.ELC.ACCS.RU.ZS,9.7
NE,Niger,2019,EG.ELC.ACCS.UR.ZS,62.7
NE,Niger,2019,EG.ELC.ACCS.ZS,18.5
NE,Niger,2019,EG.USE.ELEC.KH.PC,61.6182226437207
NE,Niger,2019,NY.GDP.PCAP.CD,561.691304349698
NE,Niger,2019,SP.POP.GROW,3.36654855482346
NE,Niger,2019,SP.POP.TOTL,22947757.0
NE,Niger,2019,SP.URB.TOTL.IN.ZS,16.813146499685
NE,Niger,2020,EG.ELC.ACCS.RU.ZS,9.7
NE,Niger,2020,EG.ELC.ACCS.UR.ZS,63.8
NE,Niger,2020,EG.ELC.ACCS.ZS,18.7
NE,Niger,2020,EG.USE.ELEC.KH.PC,61.2203260083551
NE,Niger,2020,NY.GDP.PCAP.CD,579.512495758236
NE,Niger,2020,SP.POP.GROW,3.29977391625444
NE,Niger,2020,SP.POP.TOTL,23717613.0
NE,Niger,2020,SP.URB.TOTL.IN.ZS,17.0081420003794
NE,Niger,2021,EG.ELC.ACCS.RU.ZS,9.1
NE,Niger,2021,EG.ELC.ACCS.UR.ZS,65.9
NE,Niger,2021,EG.ELC.ACCS.ZS,18.6
NE,Niger,2021,EG.USE.ELEC.KH.PC,61.1375169679057
NE,Niger,2021,NY.GDP.PCAP.CD,608.722439593808
NE,Niger,2021,SP.POP.GROW,3.25425239869281
NE,Niger,2021,SP.POP.TOTL,24502140.0
NE,Niger,2021,SP.URB.TOTL.IN.ZS,17.2295936666686
NE,Niger,2022,EG.ELC.ACCS.RU.ZS,7.7
NE,Niger,2022,EG.ELC.ACCS.UR.ZS,66.1
NE,Niger,2022,EG.ELC.ACCS.ZS,19.5
NE,Niger,2022,EG.USE.ELEC.KH.PC,62.4210526773239
NE,Niger,2022,NY.GDP.PCAP.CD,609.745147574878
NE,Niger,2022,SP.POP.GROW,3.25170642220024
NE,Niger,2022,SP.POP.TOTL,25311973.0
NE,Niger,2022,SP.URB.TOTL.IN.ZS,17.477207007512
NE,Niger,2023,EG.ELC.ACCS.RU.ZS,10.4
NE,Niger,2023,EG.ELC.ACCS.UR.ZS,67.4
NE,Niger,2023,EG.ELC.ACCS.ZS,20.1
NE,Niger,2023,NY.GDP.PCAP.CD,638.336080897887
NE,Niger,2023,SP.POP.GROW,3.29489175812772
NE,Niger,2023,SP.POP.TOTL,26159867.0
NE,Niger,2023,SP.URB.TOTL.IN.ZS,17.7506873295237
SN,Senegal,2000,EG.ELC.ACCS.RU.ZS,12.8
SN,Senegal,2000,EG.ELC.ACCS.UR.ZS,74.6
SN,Senegal,2000,EG.ELC.ACCS.ZS,37.7
SN,Senegal,2000,EG.USE.ELEC.KH.PC,100.820002688533
SN,Senegal,2000,NY.GDP.PCAP.CD,603.233162455158
SN,Senegal,2000,SP.POP.GROW,2.41009917724256
SN,Senegal,2000,SP.POP.TOTL,9968260.0
SN,Senegal,2000,SP.URB.TOTL.IN.ZS,40.6667555531967
SN,Senegal,2001,EG.ELC.ACCS.RU.ZS,15.3
SN,Senegal,2001,EG.ELC.ACCS.UR.ZS,73.6
SN,Senegal,2001,EG.ELC.ACCS.ZS,38.9
SN,Senegal,2001,EG.USE.ELEC.KH.PC,122.393723571523
SN,Senegal,2001,NY.GDP.PCAP.CD,637.213530563724
SN,Senegal,2001,SP.POP.GROW,2.42496943712898
SN,Senegal,2001,SP.POP.TOTL,10212942.0
SN,Senegal,2001,SP.URB.TOTL.IN.ZS,40.8763420163126
SN,Senegal,2002,EG.ELC.ACCS.RU.ZS,11.3
SN,Senegal,2002,EG.ELC.ACCS.UR.ZS,74.2
SN,Senegal,2002,EG.ELC.ACCS.ZS,36.8
SN,Senegal,2002,EG.USE.ELEC.KH.PC,144.751483201089
SN,Senegal,2002,NY.GDP.PCAP.CD,669.430447319209
SN,Senegal,2002,SP.POP.GROW,2.44966153599012
SN,Senegal,2002,SP.POP.TOTL,10466214.0
SN,Senegal,2002,SP.URB.TOTL.IN.ZS,41.1081471561292
SN,Senegal,2003,EG.ELC.ACCS.RU.ZS,18.6
SN,Senegal,2003,EG.ELC.ACCS.UR.ZS,75.7
SN,Senegal,2003,EG.ELC.ACCS.ZS,41.9
SN,Senegal,2003,EG.USE.ELEC.KH.PC,125.359382217025
SN,Senegal,2003,NY.GDP.PCAP.CD,817.888034221442
SN,Senegal,2003,SP.POP.GROW,2.40684962152091
SN,Senegal,2003,SP.POP.TOTL,10721176.0
SN,Senegal,2003,SP.URB.TOTL.IN.ZS,41.35893934855
SN,Senegal,2004,EG.ELC.ACCS.RU.ZS,8.7
SN,Senegal,2004,EG.ELC.ACCS.UR.ZS,76.7
SN,Senegal,2004,EG.ELC.ACCS.ZS,36.8
SN,Senegal,2004,EG.USE.ELEC.KH.PC,138.214368754843
SN,Senegal,2004,NY.GDP.PCAP.CD,918.102079522155
SN,Senegal,2004,SP.POP.GROW,2.34632515714346
SN,Senegal,2004,SP.POP.TOTL,10975704.0
SN,Senegal,2004,SP.URB.TOTL.IN.ZS,41.6248193895895
SN,Senegal,2005,EG.ELC.ACCS.RU.ZS,23.3
SN,Senegal,2005,EG.ELC.ACCS.UR.ZS,80.4
SN,Senegal,2005,EG.ELC.ACCS.ZS,47.1
SN,Senegal,2005,EG.USE.ELEC.KH.PC,158.159799606105
SN,Senegal,2005,NY.GDP.PCAP.CD,979.846101520171
SN,Senegal,2005,SP.POP.GROW,2.33918136359556
SN,Senegal,2005,SP.POP.TOTL,11235472.0
SN,Senegal,2005,SP.URB.TOTL.IN.ZS,41.9057599695838
SN,Senegal,2006,EG.ELC.ACCS.RU.ZS,25.4
SN,Senegal,2006,EG.ELC.ACCS.UR.ZS,83.6
SN,Senegal,2006,EG.ELC.ACCS.ZS,49.9
SN,Senegal,2006,EG.USE.ELEC.KH.PC,157.911752721326
SN,Senegal,2006,NY.GDP.PCAP.CD,1017.20196747987
SN,Senegal,2006,SP.POP.GROW,2.32792929230269
SN,Senegal,2006,SP.POP.TOTL,11500094.0
SN,Senegal,2006,SP.URB.TOTL.IN.ZS,42.2046413043069
SN,Senegal,2007,EG.ELC.ACCS.RU.ZS,24.5
SN,Senegal,2007,EG.ELC.ACCS.UR.ZS,80.0
SN,Senegal,2007,EG.ELC.ACCS.ZS,48.1
SN,Senegal,2007,EG.USE.ELEC.KH.PC,182.747420126379
SN,Senegal,2007,NY.GDP.PCAP.CD,1188.93877808175
SN,Senegal,2007,SP.POP.GROW,2.32279384441662
SN,Senegal,2007,SP.POP.TOTL,11770344.0
SN,Senegal,2007,SP.URB.TOTL.IN.ZS,42.524343609533
SN,Senegal,2008,EG.ELC.ACCS.RU.ZS,26.1
SN,Senegal,2008,EG.ELC.ACCS.UR.ZS,81.2
SN,Senegal,2008,EG.ELC.ACCS.ZS,49.7
SN,Senegal,2008,EG.USE.ELEC.KH.PC,160.345802487999
SN,Senegal,2008,NY.GDP.PCAP.CD,1398.79218010021
SN,Senegal,2008,SP.POP.GROW,2.3395118470328
SN,Senegal,2008,SP.POP.TOTL,12048959.0
SN,Senegal,2008,SP.URB.TOTL.IN.ZS,42.867747101036
SN,Senegal,2009,EG.ELC.ACCS.RU.ZS,30.6
SN,Senegal,2009,EG.ELC.ACCS.UR.ZS,83.4
SN,Senegal,2009,EG.ELC.ACCS.ZS,53.5
SN,Senegal,2009,EG.USE.ELEC.KH.PC,211.714164155803
SN,Senegal,2009,NY.GDP.PCAP.CD,1308.69404336205
SN,Senegal,2009,SP.POP.GROW,2.36561415953051
SN,Senegal,2009,SP.POP.TOTL,12337389.0
SN,Senegal,2009,SP.URB.TOTL.IN.ZS,43.23773199459
SN,Senegal,2010,EG.ELC.ACCS.RU.ZS,34.9
SN,Senegal,2010,EG.ELC.ACCS.UR.ZS,84.3
SN,Senegal,2010,EG.ELC.ACCS.ZS,56.5
SN,Senegal,2010,EG.USE.ELEC.KH.PC,223.577970898142
SN,Senegal,2010,NY.GDP.PCAP.CD,1275.88357492357
SN,Senegal,2010,SP.POP.GROW,2.38690195279185
SN,Senegal,2010,SP.POP.TOTL,12635413.0
SN,Senegal,2010,SP.URB.TOTL.IN.ZS,43.6371785059692
SN,Senegal,2011,EG.ELC.ACCS.RU.ZS,31.7
SN,Senegal,2011,EG.ELC.ACCS.UR.ZS,87.8
SN,Senegal,2011,EG.ELC.ACCS.ZS,56.5
SN,Senegal,2011,EG.USE.ELEC.KH.PC,224.787649751364
SN,Senegal,2011,NY.GDP.PCAP.CD,1374.67591873844
SN,Senegal,2011,SP.POP.GROW,2.52791519909846
SN,Senegal,2011,SP.POP.TOTL,12958897.0
SN,Senegal,2011,SP.URB.TOTL.IN.ZS,44.0689668509475
SN,Senegal,2012,EG.ELC.ACCS.RU.ZS,32.5
SN,Senegal,2012,EG.ELC.ACCS.UR.ZS,86.3
SN,Senegal,2012,EG.ELC.ACCS.ZS,56.5
SN,Senegal,2012,EG.USE.ELEC.KH.PC,238.758964260908
SN,Senegal,2012,NY.GDP.PCAP.CD,1326.83798848379
SN,Senegal,2012,SP.POP.GROW,2.67702425205872
SN,Senegal,2012,SP.POP.TOTL,13310495.0
SN,Senegal,2012,SP.URB.TOTL.IN.ZS,44.5359772452989
SN,Senegal,2013,EG.ELC.ACCS.RU.ZS,31.8
SN,Senegal,2013,EG.ELC.ACCS.UR.ZS,87.8
SN,Senegal,2013,EG.ELC.ACCS.ZS,57.0
SN,Senegal,2013,EG.USE.ELEC.KH.PC,238.934875586479
SN,Senegal,2013,NY.GDP.PCAP.CD,1379.83196553924
SN,Senegal,2013,SP.POP.GROW,2.96345954605318
SN,Senegal,2013,SP.POP.TOTL,13710849.0
SN,Senegal,2013,SP.URB.TOTL.IN.ZS,45.0398750539456
SN,Senegal,2014,EG.ELC.ACCS.RU.ZS,41.0
SN,Senegal,2014,EG.ELC.ACCS.UR.ZS,85.0
SN,Senegal,2014,EG.ELC.ACCS.ZS,61.0
SN,Senegal,2014,EG.USE.ELEC.KH.PC,255.227103365988
SN,Senegal,2014,NY.GDP.PCAP.CD,1398.89137601382
SN,Senegal,2014,SP.POP.GROW,3.16757470346908
SN,Senegal,2014,SP.POP.TOTL,14152102.0
SN,Senegal,2014,SP.URB.TOTL.IN.ZS,45.6020905341588
SN,Senegal,2015,EG.ELC.ACCS.RU.ZS,38.1
SN,Senegal,2015,EG.ELC.ACCS.UR.ZS,86.9
SN,Senegal,2015,EG.ELC.ACCS.ZS,60.5
SN,Senegal,2015,EG.USE.ELEC.KH.PC,264.024711013544
SN,Senegal,2015,NY.GDP.PCAP.CD,1218.00613555438
SN,Senegal,2015,SP.POP.GROW,3.07014792428801
SN,Senegal,2015,SP.POP.TOTL,14593331.0
SN,Senegal,2015,SP.URB.TOTL.IN.ZS,46.2747669629858
SN,Senegal,2016,EG.ELC.ACCS.RU.ZS,44.5
SN,Senegal,2016,EG.ELC.ACCS.UR.ZS,87.7
SN,Senegal,2016,EG.ELC.ACCS.ZS,64.5
SN,Senegal,2016,EG.USE.ELEC.KH.PC,275.831867207475
SN,Senegal,2016,NY.GDP.PCAP.CD,1266.43957151587
SN,Senegal,2016,SP.POP.GROW,2.97843134010735
SN,Senegal,2016,SP.POP.TOTL,15034521.0
SN,Senegal,2016,SP.URB.TOTL.IN.ZS,47.0553579909929
SN,Senegal,2017,EG.ELC.ACCS.RU.ZS,35.4
SN,Senegal,2017,EG.ELC.ACCS.UR.ZS,91.7
SN,Senegal,2017,EG.ELC.ACCS.ZS,61.7
SN,Senegal,2017,EG.USE.ELEC.KH.PC,263.069432882787
SN,Senegal,2017,NY.GDP.PCAP.CD,1356.80518449031
SN,Senegal,2017,SP.POP.GROW,2.88769908740551
SN,Senegal,2017,SP.POP.TOTL,15475002.0
SN,Senegal,2017,SP.URB.TOTL.IN.ZS,47.9338349639053
SN,Senegal,2018,EG.ELC.ACCS.RU.ZS,41.4
SN,Senegal,2018,EG.ELC.ACCS.UR.ZS,93.5
SN,Senegal,2018,EG.ELC.ACCS.ZS,66.0
SN,Senegal,2018,EG.USE.ELEC.KH.PC,271.6391054245
SN,Senegal,2018,NY.GDP.PCAP.CD,1452.55612562445
SN,Senegal,2018,SP.POP.GROW,2.8004569855314
SN,Senegal,2018,SP.POP.TOTL,15914498.0
SN,Senegal,2018,SP.URB.TOTL.IN.ZS,48.9001692274485
SN,Senegal,2019,EG.ELC.ACCS.RU.ZS,47.8
SN,Senegal,2019,EG.ELC.ACCS.UR.ZS,95.2
SN,Senegal,2019,EG.ELC.ACCS.ZS,70.4
SN,Senegal,2019,EG.USE.ELEC.KH.PC,310.52554399758
SN,Senegal,2019,NY.GDP.PCAP.CD,1431.18128932159
SN,Senegal,2019,SP.POP.GROW,2.71760793051867
SN,Senegal,2019,SP.POP.TOTL,16352922.0
SN,Senegal,2019,SP.URB.TOTL.IN.ZS,49.9443321273477
SN,Senegal,2020,EG.ELC.ACCS.RU.ZS,38.6
SN,Senegal,2020,EG.ELC.ACCS.UR.ZS,92.0
SN,Senegal,2020,EG.ELC.ACCS.ZS,64.3
SN,Senegal,2020,EG.USE.ELEC.KH.PC,312.164609920211
SN,Senegal,2020,NY.GDP.PCAP.CD,1461.08720350553
SN,Senegal,2020,SP.POP.GROW,2.63303572524896
SN,Senegal,2020,SP.POP.TOTL,16789219.0
SN,Senegal,2020,SP.URB.TOTL.IN.ZS,51.0562950093282
SN,Senegal,2021,EG.ELC.ACCS.RU.ZS,43.4
SN,Senegal,2021,EG.ELC.ACCS.UR.ZS,93.9
SN,Senegal,2021,EG.ELC.ACCS.ZS,68.0
SN,Senegal,2021,EG.USE.ELEC.KH.PC,329.600129888931
SN,Senegal,2021,NY.GDP.PCAP.CD,1598.10676952274
SN,Senegal,2021,SP.POP.GROW,2.53848919398481
SN,Senegal,2021,SP.POP.TOTL,17220867.0
SN,Senegal,2021,SP.URB.TOTL.IN.ZS,52.2260292191155
SN,Senegal,2022,EG.ELC.ACCS.RU.ZS,43.4
SN,Senegal,2022,EG.ELC.ACCS.UR.ZS,96.6
SN,Senegal,2022,EG.ELC.ACCS.ZS,67.9
SN,Senegal,2022,EG.USE.ELEC.KH.PC,399.521774928173
SN,Senegal,2022,NY.GDP.PCAP.CD,1574.0281059306
SN,Senegal,2022,SP.POP.GROW,2.46764281803509
SN,Senegal,2022,SP.POP.TOTL,17651103.0
SN,Senegal,2022,SP.URB.TOTL.IN.ZS,53.4435061024348
SN,Senegal,2023,EG.ELC.ACCS.RU.ZS,56.5
SN,Senegal,2023,EG.ELC.ACCS.UR.ZS,96.1
SN,Senegal,2023,EG.ELC.ACCS.ZS,74.2
SN,Senegal,2023,EG.USE.ELEC.KH.PC,410.176742198745
SN,Senegal,2023,NY.GDP.PCAP.CD,1698.03387300843
SN,Senegal,2023,SP.POP.GROW,2.38738348832592
SN,Senegal,2023,SP.POP.TOTL,18077573.0
SN,Senegal,2023,SP.URB.TOTL.IN.ZS,54.6992276190794
TG,Togo,2000,EG.ELC.ACCS.RU.ZS,6.4
TG,Togo,2000,EG.ELC.ACCS.UR.ZS,38.5
TG,Togo,2000,EG.ELC.ACCS.ZS,17.0
TG,Togo,2000,EG.USE.ELEC.KH.PC,91.2444793685337
TG,Togo,2000,NY.GDP.PCAP.CD,409.889802792768
TG,Togo,2000,SP.POP.GROW,2.75685668978126
TG,Togo,2000,SP.POP.TOTL,5140037.0
TG,Togo,2000,SP.URB.TOTL.IN.ZS,33.0994844063309
TG,Togo,2001,EG.ELC.ACCS.RU.ZS,5.4
TG,Togo,2001,EG.ELC.ACCS.UR.ZS,47.9
TG,Togo,2001,EG.ELC.ACCS.ZS,19.6
TG,Togo,2001,EG.USE.ELEC.KH.PC,94.7439469039763
TG,Togo,2001,NY.GDP.PCAP.CD,396.692654520135
TG,Togo,2001,SP.POP.GROW,2.63698635340958
TG,Togo,2001,SP.POP.TOTL,5277382.0
TG,Togo,2001,SP.URB.TOTL.IN.ZS,33.5503635916513
TG,Togo,2002,EG.ELC.ACCS.RU.ZS,6.5
TG,Togo,2002,EG.ELC.ACCS.UR.ZS,50.2
TG,Togo,2002,EG.ELC.ACCS.ZS,21.3
TG,Togo,2002,EG.USE.ELEC.KH.PC,92.5502754894727
TG,Togo,2002,NY.GDP.PCAP.CD,445.238691488925
TG,Togo,2002,SP.POP.GROW,2.54239439953807
TG,Togo,2002,SP.POP.TOTL,5413274.0
TG,Togo,2002,SP.URB.TOTL.IN.ZS,34.0011370438307
TG,Togo,2003,EG.ELC.ACCS.RU.ZS,7.6
TG,Togo,2003,EG.ELC.ACCS.UR.ZS,52.6
TG,Togo,2003,EG.ELC.ACCS.ZS,23.0
TG,Togo,2003,EG.USE.ELEC.KH.PC,98.8803110569261
TG,Togo,2003,NY.GDP.PCAP.CD,538.16537776929
TG,Togo,2003,SP.POP.GROW,2.53342165886308
TG,Togo,2003,SP.POP.TOTL,5552167.0
TG,Togo,2003,SP.URB.TOTL.IN.ZS,34.4513989657696
TG,Togo,2004,EG.ELC.ACCS.RU.ZS,8.7
TG,Togo,2004,EG.ELC.ACCS.UR.ZS,55.0
TG,Togo,2004,EG.ELC.ACCS.ZS,24.8
TG,Togo,2004,EG.USE.ELEC.KH.PC,103.045585119866
TG,Togo,2004,NY.GDP.PCAP.CD,560.266308533382
TG,Togo,2004,SP.POP.GROW,2.56650535233
TG,Togo,2004,SP.POP.TOTL,5696508.0
TG,Togo,2004,SP.URB.TOTL.IN.ZS,34.9007435603688
TG,Togo,2005,EG.ELC.ACCS.RU.ZS,9.8
TG,Togo,2005,EG.ELC.ACCS.UR.ZS,57.4
TG,Togo,2005,EG.ELC.ACCS.ZS,26.5
TG,Togo,2005,EG.USE.ELEC.KH.PC,105.053680891061
TG,Togo,2005,NY.GDP.PCAP.CD,551.259850017077
TG,Togo,2005,SP.POP.GROW,2.56701065239466
TG,Togo,2005,SP.POP.TOTL,5844631.0
TG,Togo,2005,SP.URB.TOTL.IN.ZS,35.3487650305291
TG,Togo,2006,EG.ELC.ACCS.RU.ZS,7.4
TG,Togo,2006,EG.ELC.ACCS.UR.ZS,64.9
TG,Togo,2006,EG.ELC.ACCS.ZS,27.9
TG,Togo,2006,EG.USE.ELEC.KH.PC,104.148157908572
TG,Togo,2006,NY.GDP.PCAP.CD,552.50227125256
TG,Togo,2006,SP.POP.GROW,2.80124284070489
TG,Togo,2006,SP.POP.TOTL,6010668.0
TG,Togo,2006,SP.URB.TOTL.IN.ZS,35.795057579151
TG,Togo,2007,EG.ELC.ACCS.RU.ZS,11.8
TG,Togo,2007,EG.ELC.ACCS.UR.ZS,62.2
TG,Togo,2007,EG.ELC.ACCS.ZS,30.0
TG,Togo,2007,EG.USE.ELEC.KH.PC,97.9260364323638
TG,Togo,2007,NY.GDP.PCAP.CD,607.587886721352
TG,Togo,2007,SP.POP.GROW,2.91316321758797
TG,Togo,2007,SP.POP.TOTL,6188344.0
TG,Togo,2007,SP.URB.TOTL.IN.ZS,36.2392154091353
TG,Togo,2008,EG.ELC.ACCS.RU.ZS,12.9
TG,Togo,2008,EG.ELC.ACCS.UR.ZS,64.7
TG,Togo,2008,EG.ELC.ACCS.ZS,31.8
TG,Togo,2008,EG.USE.ELEC.KH.PC,100.175668554826
TG,Togo,2008,NY.GDP.PCAP.CD,718.948386717473
TG,Togo,2008,SP.POP.GROW,2.87454303428326
TG,Togo,2008,SP.POP.TOTL,6368812.0
TG,Togo,2008,SP.URB.TOTL.IN.ZS,36.6808327233827
TG,Togo,2009,EG.ELC.ACCS.RU.ZS,13.9
TG,Togo,2009,EG.ELC.ACCS.UR.ZS,67.2
TG,Togo,2009,EG.ELC.ACCS.ZS,33.7
TG,Togo,2009,EG.USE.ELEC.KH.PC,118.439558812643
TG,Togo,2009,NY.GDP.PCAP.CD,720.693768151415
TG,Togo,2009,SP.POP.GROW,2.83367889670304
TG,Togo,2009,SP.POP.TOTL,6551865.0
TG,Togo,2009,SP.URB.TOTL.IN.ZS,37.1195037247939
TG,Togo,2010,EG.ELC.ACCS.RU.ZS,9.3
TG,Togo,2010,EG.ELC.ACCS.UR.ZS,66.5
TG,Togo,2010,EG.ELC.ACCS.ZS,30.8
TG,Togo,2010,EG.USE.ELEC.KH.PC,118.379405251174
TG,Togo,2010,NY.GDP.PCAP.CD,704.986772286079
TG,Togo,2010,SP.POP.GROW,2.72101716624637
TG,Togo,2010,SP.POP.TOTL,6732590.0
TG,Togo,2010,SP.URB.TOTL.IN.ZS,37.5545882975638
TG,Togo,2011,EG.ELC.ACCS.RU.ZS,16.3
TG,Togo,2011,EG.ELC.ACCS.UR.ZS,77.9
TG,Togo,2011,EG.ELC.ACCS.ZS,39.7
TG,Togo,2011,EG.USE.ELEC.KH.PC,128.678283183021
TG,Togo,2011,NY.GDP.PCAP.CD,783.988944671672
TG,Togo,2011,SP.POP.GROW,2.69461885935872
TG,Togo,2011,SP.POP.TOTL,6916474.0
TG,Togo,2011,SP.URB.TOTL.IN.ZS,37.9872305648732
TG,Togo,2012,EG.ELC.ACCS.RU.ZS,15.8
TG,Togo,2012,EG.ELC.ACCS.UR.ZS,76.3
TG,Togo,2012,EG.ELC.ACCS.ZS,39.1
TG,Togo,2012,EG.USE.ELEC.KH.PC,147.308673354424
TG,Togo,2012,NY.GDP.PCAP.CD,762.39162379069
TG,Togo,2012,SP.POP.GROW,2.62923384476283
TG,Togo,2012,SP.POP.TOTL,7100736.0
TG,Togo,2012,SP.URB.TOTL.IN.ZS,38.4194359598204
TG,Togo,2013,EG.ELC.ACCS.RU.ZS,17.1
TG,Togo,2013,EG.ELC.ACCS.UR.ZS,78.1
TG,Togo,2013,EG.ELC.ACCS.ZS,41.0
TG,Togo,2013,EG.USE.ELEC.KH.PC,86.8856000775245
TG,Togo,2013,NY.GDP.PCAP.CD,826.542799987227
TG,Togo,2013,SP.POP.GROW,2.56796697750519
TG,Togo,2013,SP.POP.TOTL,7285442.0
TG,Togo,2013,SP.URB.TOTL.IN.ZS,38.8516767884103
TG,Togo,2014,EG.ELC.ACCS.RU.ZS,21.1
TG,Togo,2014,EG.ELC.ACCS.UR.ZS,83.2
TG,Togo,2014,EG.ELC.ACCS.ZS,45.7
TG,Togo,2014,EG.USE.ELEC.KH.PC,173.035617501623
TG,Togo,2014,NY.GDP.PCAP.CD,855.584809246574
TG,Togo,2014,SP.POP.GROW,2.53448135308774
TG,Togo,2014,SP.POP.TOTL,7472450.0
TG,Togo,2014,SP.URB.TOTL.IN.ZS,39.2839506458368
TG,Togo,2015,EG.ELC.ACCS.RU.ZS,19.8
TG,Togo,2015,EG.ELC.ACCS.UR.ZS,82.0
TG,Togo,2015,EG.ELC.ACCS.ZS,44.7
TG,Togo,2015,EG.USE.ELEC.KH.PC,91.6066992944849
TG,Togo,2015,NY.GDP.PCAP.CD,751.051987587248
TG,Togo,2015,SP.POP.GROW,2.52060746648904
TG,Togo,2015,SP.POP.TOTL,7663195.0
TG,Togo,2015,SP.URB.TOTL.IN.ZS,39.7162551272934
TG,Togo,2016,EG.ELC.ACCS.RU.ZS,21.0
TG,Togo,2016,EG.ELC.ACCS.UR.ZS,84.4
TG,Togo,2016,EG.ELC.ACCS.ZS,46.8
TG,Togo,2016,EG.USE.ELEC.KH.PC,126.617893538912
TG,Togo,2016,NY.GDP.PCAP.CD,772.581357620609
TG,Togo,2016,SP.POP.GROW,2.51398996486491
TG,Togo,2016,SP.POP.TOTL,7858289.0
TG,Togo,2016,SP.URB.TOTL.IN.ZS,40.1485878279739
TG,Togo,2017,EG.ELC.ACCS.RU.ZS,19.5
TG,Togo,2017,EG.ELC.ACCS.UR.ZS,88.8
TG,Togo,2017,EG.ELC.ACCS.ZS,48.0
TG,Togo,2017,EG.USE.ELEC.KH.PC,170.40786184676
TG,Togo,2017,NY.GDP.PCAP.CD,792.765700965864
TG,Togo,2017,SP.POP.GROW,2.49897565726694
TG,Togo,2017,SP.POP.TOTL,8057140.0
TG,Togo,2017,SP.URB.TOTL.IN.ZS,40.5809463430719
TG,Togo,2018,EG.ELC.ACCS.RU.ZS,26.3
TG,Togo,2018,EG.ELC.ACCS.UR.ZS,83.1
TG,Togo,2018,EG.ELC.ACCS.ZS,50.0
TG,Togo,2018,EG.USE.ELEC.KH.PC,125.442286982408
TG,Togo,2018,NY.GDP.PCAP.CD,851.120561233595
TG,Togo,2018,SP.POP.GROW,2.47179798610782
TG,Togo,2018,SP.POP.TOTL,8258778.0
TG,Togo,2018,SP.URB.TOTL.IN.ZS,41.013328267781
TG,Togo,2019,EG.ELC.ACCS.RU.ZS,23.9
TG,Togo,2019,EG.ELC.ACCS.UR.ZS,91.6
TG,Togo,2019,EG.ELC.ACCS.ZS,52.5
TG,Togo,2019,EG.USE.ELEC.KH.PC,167.078889121534
TG,Togo,2019,NY.GDP.PCAP.CD,826.255209019798
TG,Togo,2019,SP.POP.GROW,2.44351209316794
TG,Togo,2019,SP.POP.TOTL,8463068.0
TG,Togo,2019,SP.URB.TOTL.IN.ZS,41.445731197295
TG,Togo,2020,EG.ELC.ACCS.RU.ZS,24.3
TG,Togo,2020,EG.ELC.ACCS.UR.ZS,94.0
TG,Togo,2020,EG.ELC.ACCS.ZS,54.1
TG,Togo,2020,EG.USE.ELEC.KH.PC,162.058290233133
TG,Togo,2020,NY.GDP.PCAP.CD,863.468665870276
TG,Togo,2020,SP.POP.GROW,2.41247393684318
TG,Togo,2020,SP.POP.TOTL,8669720.0
TG,Togo,2020,SP.URB.TOTL.IN.ZS,41.8781527268075
TG,Togo,2021,EG.ELC.ACCS.RU.ZS,24.7
TG,Togo,2021,EG.ELC.ACCS.UR.ZS,96.3
TG,Togo,2021,EG.ELC.ACCS.ZS,55.7
TG,Togo,2021,EG.USE.ELEC.KH.PC,161.515970426583
TG,Togo,2021,NY.GDP.PCAP.CD,962.075187515872
TG,Togo,2021,SP.POP.GROW,2.37825002957617
TG,Togo,2021,SP.POP.TOTL,8878379.0
TG,Togo,2021,SP.URB.TOTL.IN.ZS,42.3105904515122
TG,Togo,2022,EG.ELC.ACCS.RU.ZS,25.0
TG,Togo,2022,EG.ELC.ACCS.UR.ZS,96.5
TG,Togo,2022,EG.ELC.ACCS.ZS,57.2
TG,Togo,2022,EG.USE.ELEC.KH.PC,191.864716012717
TG,Togo,2022,NY.GDP.PCAP.CD,951.232378690387
TG,Togo,2022,SP.POP.GROW,2.35270895960531
TG,Togo,2022,SP.POP.TOTL,9089738.0
TG,Togo,2022,SP.URB.TOTL.IN.ZS,42.7332327975627
TG,Togo,2023,EG.ELC.ACCS.RU.ZS,30.5
TG,Togo,2023,EG.ELC.ACCS.UR.ZS,95.0
TG,Togo,2023,EG.ELC.ACCS.ZS,59.2
TG,Togo,2023,NY.GDP.PCAP.CD,1055.01727877926
TG,Togo,2023,SP.POP.GROW,2.33345506489111
TG,Togo,2023,SP.POP.TOTL,9304337.0
TG,Togo,2023,SP.URB.TOTL.IN.ZS,43.2496853032436
